pool,decoy_rate,rule,recall,ci_lo,ci_hi,precision,alert_rate
paper10,0.0,aqt,0.02416666666666667,0.009989583333333335,0.045635416666666664,0.024582894796570803,0.009747916666666667
paper10,0.0,aqt_cap,0.024374999999999997,0.010208333333333333,0.045635416666666664,0.0244643176122311,0.009866666666666666
paper10,0.0,budget_1pct,0.023750000000000004,0.009161458333333334,0.04396875,0.023887385068849024,0.0099125
paper10,0.0,src_q99,0.015416666666666667,0.0025,0.03500520833333333,0.036748068718389405,0.0037958333333333334
paper10,0.0025,aqt,0.023541666666666666,0.011869791666666669,0.03980208333333333,0.024260770108779,0.009652083333333334
paper10,0.0025,aqt_cap,0.024583333333333336,0.011875000000000002,0.04231249999999999,0.024528150499353158,0.009904166666666667
paper10,0.0025,budget_1pct,0.022708333333333334,0.01,0.041057291666666655,0.023797360233255783,0.009620833333333334
paper10,0.0025,src_q99,0.017708333333333336,0.004375,0.03729687499999999,0.034747768328895874,0.004660416666666667
paper10,0.005,aqt,0.02125,0.010208333333333333,0.03647395833333332,0.021939078804838585,0.009641666666666666
paper10,0.005,aqt_cap,0.022708333333333334,0.010822916666666668,0.041041666666666664,0.02247503713857077,0.009977083333333333
paper10,0.005,budget_1pct,0.02125,0.007916666666666667,0.04126041666666666,0.021808045553805815,0.0097625
paper10,0.005,src_q99,0.017291666666666667,0.004375,0.036875,0.028659655771448116,0.00556875
paper10,0.01,aqt,0.016041666666666666,0.0064531250000000005,0.030625,0.016603844288966788,0.009608333333333333
paper10,0.01,aqt_cap,0.016666666666666666,0.006869791666666666,0.031880208333333326,0.015641957218547636,0.010504166666666667
paper10,0.01,budget_1pct,0.014791666666666667,0.005416666666666667,0.028546875,0.01529463129694042,0.009783333333333333
paper10,0.01,src_q99,0.014166666666666668,0.004786458333333334,0.02875,0.018317874493265454,0.007364583333333334
paper10,0.02,aqt,0.013749999999999998,0.0047864583333333335,0.023546875,0.014334729275551822,0.0096375
paper10,0.02,aqt_cap,0.016458333333333332,0.0047864583333333335,0.031875,0.012699253850762425,0.01243125
paper10,0.02,budget_1pct,0.014791666666666667,0.005411458333333334,0.02708333333333333,0.014824189911990087,0.009933333333333334
paper10,0.02,src_q99,0.01625,0.0047864583333333335,0.031875,0.01358731850398577,0.01104375
paper10,0.05,aqt,0.009583333333333334,0.0033281250000000004,0.017718749999999995,0.010194893252981311,0.009358333333333335
paper10,0.05,aqt_cap,0.01875,0.004572916666666667,0.03938541666666666,0.00770226241079406,0.02214166666666667
paper10,0.05,budget_1pct,0.014583333333333332,0.004166666666666667,0.028958333333333336,0.01529641486408539,0.0093875
paper10,0.05,src_q99,0.01875,0.004572916666666667,0.03938541666666666,0.007709742109674518,0.022072916666666664
paper10,0.1,aqt,0.002916666666666667,0.000625,0.005624999999999999,0.0031733084959680233,0.0089875
paper10,0.1,aqt_cap,0.014374999999999999,0.005208333333333333,0.029380208333333328,0.003318087273786484,0.04053958333333333
paper10,0.1,budget_1pct,0.0020833333333333333,0.00020833333333333335,0.005,0.002407780248395122,0.009037499999999999
paper10,0.1,src_q99,0.014374999999999999,0.005208333333333333,0.029380208333333328,0.003318087273786484,0.04053958333333333
raw77,0.0,aqt,0.5772916666666666,0.4722864583333334,0.7662552083333333,0.5980015417205604,0.009652083333333334
raw77,0.0,aqt_cap,0.5772916666666666,0.4722864583333334,0.7662552083333333,0.5980015417205604,0.009652083333333334
raw77,0.0,budget_1pct,0.5964583333333333,0.44163541666666667,0.8624999999999999,0.6268212952769522,0.009508333333333332
raw77,0.0,src_q99,0.0,0.0,0.0,0.0,8.333333333333334e-06
raw77,0.0025,aqt,0.5302083333333334,0.40874479166666666,0.758140625,0.5462339960146407,0.00969375
raw77,0.0025,aqt_cap,0.5302083333333334,0.40874479166666666,0.758140625,0.5462339960146407,0.00969375
raw77,0.0025,budget_1pct,0.5264583333333334,0.34666145833333334,0.8444427083333332,0.5435208816410331,0.009679166666666668
raw77,0.0025,src_q99,0.0,0.0,0.0,0.0,1.0416666666666666e-05
raw77,0.005,aqt,0.4839583333333333,0.34041666666666665,0.739796875,0.4941590880387083,0.009789583333333332
raw77,0.005,aqt_cap,0.4839583333333333,0.34041666666666665,0.739796875,0.4941590880387083,0.009789583333333332
raw77,0.005,budget_1pct,0.45145833333333335,0.22954166666666667,0.8373020833333333,0.4630769462697835,0.009725
raw77,0.005,src_q99,0.0,0.0,0.0,0.0,1.25e-05
raw77,0.01,aqt,0.41916666666666663,0.2658177083333333,0.7029166666666665,0.4283806821033864,0.00980625
raw77,0.01,aqt_cap,0.41916666666666663,0.2658177083333333,0.7029166666666665,0.4283247959729016,0.009808333333333334
raw77,0.01,budget_1pct,0.38937499999999997,0.16624479166666664,0.8031354166666667,0.40258949845061,0.009577083333333333
raw77,0.01,src_q99,0.0,0.0,0.0,0.0,1.4583333333333335e-05
raw77,0.02,aqt,0.34312499999999996,0.18020312499999996,0.6522916666666666,0.35349975881926193,0.009733333333333333
raw77,0.02,aqt_cap,0.34312499999999996,0.18020312499999996,0.6522916666666666,0.35349975881926193,0.009733333333333333
raw77,0.02,budget_1pct,0.349375,0.1591614583333333,0.7029947916666665,0.3661370138457169,0.0096875
raw77,0.02,src_q99,0.0,0.0,0.0,0.0,3.125e-05
raw77,0.05,aqt,0.2891666666666667,0.16122916666666667,0.5211354166666666,0.29872347071473865,0.009677083333333334
raw77,0.05,aqt_cap,0.2891666666666667,0.16122916666666667,0.5211354166666666,0.29872347071473865,0.009677083333333334
raw77,0.05,budget_1pct,0.29270833333333335,0.16644270833333336,0.5165937499999999,0.3018197744819136,0.009729166666666665
raw77,0.05,src_q99,0.0,0.0,0.0,0.0,6.25e-05
raw77,0.1,aqt,0.21354166666666666,0.15353124999999998,0.3183333333333333,0.22071592421177444,0.009731249999999999
raw77,0.1,aqt_cap,0.21354166666666666,0.15353124999999998,0.3183333333333333,0.22071592421177444,0.009731249999999999
raw77,0.1,budget_1pct,0.18666666666666668,0.16454166666666667,0.21313020833333335,0.19612925176145654,0.009591666666666667
raw77,0.1,src_q99,0.0,0.0,0.0,0.0,0.00015208333333333333
