feature,target_mean_in_src_sigma,target_std_in_src_sigma,ks_same_index,uni_auroc_source,uni_auroc_target,abs_mean_shift
RST Flag Cnt,44.896513546809594,3.4683954448087126,0.995,0.49964051472422344,0.41186978485178316,44.896513546809594
ECE Flag Cnt,44.44505586439312,3.433553490629899,0.995,0.4996331782900239,0.41186978485178316,44.44505586439312
Init Fwd Win Byts,4.785453791686129,0.399080296723347,0.9773333333333334,0.5980283545139768,0.4123734398811206,4.785453791686129
Init Bwd Win Byts,3.9985435797251645,0.3243210037503835,0.971,0.7133309021010386,0.005213574588193273,3.9985435797251645
Dst Port,3.045562220031009,0.38110616233307487,0.8733333333333333,0.504431206256511,0.0026056250388898916,3.045562220031009
PSH Flag Cnt,1.874480945341469,0.17506358819139065,0.7496666666666667,0.4532704746705086,0.41154310947377304,1.874480945341469
Fwd Pkt Len Std,1.3976844087763016,0.13814117349121488,0.9536666666666667,0.7935126369216369,0.005325334453014747,1.3976844087763016
Fwd Pkt Len Max,1.1029652676411403,0.10779910254200906,0.9386666666666666,0.731736288000493,0.004226609331077684,1.1029652676411403
Down/Up Ratio,-1.074780430137408,0.06330010059237469,0.6563333333333333,0.4021213749045217,0.908672340202065,1.074780430137408
Fwd Seg Size Min,-0.9951881067974916,0.14179917225404592,0.503,0.5324080119342303,0.4982196168814499,0.9951881067974916
Fwd Seg Size Avg,0.7609305100934443,0.09271825273407355,0.9456666666666667,0.6638998147566375,0.00426103381895486,0.7609305100934443
Fwd Pkt Len Mean,0.7609305100934443,0.09271825273407355,0.9456666666666667,0.6638998147566375,0.00426103381895486,0.7609305100934443
ACK Flag Cnt,-0.7584558890237298,0.02457056736623399,0.293,0.6269859444835431,0.5868378265575191,0.7584558890237298
Flow Duration,-0.7048981903946628,0.1724945880621049,0.5593333333333333,0.8492810016433912,0.7385229822327994,0.7048981903946628
Fwd IAT Tot,-0.6979122500429417,0.1723751986678344,0.622,0.8727840459682562,0.6662569343582092,0.6979122500429417
Flow IAT Max,-0.6461188827273424,0.05747621265538415,0.5593333333333333,0.8976145706869618,0.7237897837888412,0.6461188827273424
Fwd IAT Max,-0.6426505722927887,0.05737700357033054,0.618,0.9212201133851838,0.6644705108662904,0.6426505722927887
Idle Max,-0.6340596939592328,0.057206961432381034,0.172,0.8784519750279123,0.4974488208574451,0.6340596939592328
Flow IAT Std,-0.6311858228543675,0.058034475247008346,0.5013333333333333,0.894299162654872,0.5820458494291197,0.6311858228543675
Idle Mean,-0.6298978769160509,0.03211079668936399,0.172,0.8780186729732778,0.4974488208574451,0.6298978769160509
Idle Min,-0.6207787139300184,0.02094186831748909,0.172,0.8762405908042923,0.4974488208574451,0.6207787139300184
Fwd IAT Std,-0.6107197271705973,0.04233404864131307,0.678,0.9041577688050497,0.567857623022011,0.6107197271705973
Bwd Pkt Len Max,-0.5861028127058916,0.014105339730444795,0.7563333333333333,0.8589470092912299,0.8181278352711622,0.5861028127058916
Bwd Seg Size Avg,-0.5796302279972364,0.022433870362536988,0.6363333333333333,0.857576662347564,0.8182296102378709,0.5796302279972364
Bwd Pkt Len Mean,-0.5796302279972281,0.02243387036253715,0.6363333333333333,0.857576662347564,0.8182296102378709,0.5796302279972281
Bwd Pkt Len Min,-0.5515416359084752,0.019645445812128088,0.56,0.21764827879050377,0.49998444402961856,0.5515416359084752
Pkt Len Min,-0.5031581746728863,0.5197311623206063,0.596,0.1952891554190659,0.5016856798987642,0.5031581746728863
Fwd IAT Mean,-0.49175912127065835,0.09455617771169829,0.6076666666666667,0.9118747652957857,0.8494573871430464,0.49175912127065835
Pkt Len Var,-0.49094981654659053,0.0045975903773098105,0.8083333333333333,0.8756287385961993,0.4080841454250231,0.49094981654659053
Bwd Pkt Len Std,-0.4718408950938855,0.022931395838655683,0.7983333333333333,0.9063458822473235,0.8182451662082524,0.4718408950938855
Flow IAT Mean,-0.46461102873531573,0.18234904049356512,0.591,0.8801416408057111,0.7618405231551063,0.46461102873531573
Bwd IAT Tot,-0.4475843367642828,0.0040679266189334404,0.7083333333333334,0.7482651521585646,0.6349567768503941,0.4475843367642828
Pkt Len Mean,-0.42266150642919625,0.036946969442158056,0.7986666666666666,0.852807331410031,0.4070151380602563,0.42266150642919625
Pkt Size Avg,-0.4139363613459074,0.041235991209090904,0.789,0.8536849287675317,0.4070094818386929,0.4139363613459074
Bwd IAT Max,-0.3818400776997643,0.0024257459894437127,0.7096666666666667,0.7689236254882069,0.6103122468888216,0.3818400776997643
Fwd Pkt Len Min,-0.38006720582492404,0.3732484268317528,0.6016666666666667,0.20573958354046507,0.5016856798987642,0.38006720582492404
Pkt Len Max,-0.3765889246641958,0.023707060992201125,0.796,0.8654168882188631,0.41121691297888074,0.3765889246641958
Bwd IAT Std,-0.3533930615898185,0.002174350722894073,0.25466666666666665,0.7928501486433167,0.9086485101592977,0.3533930615898185
FIN Flag Cnt,-0.3446098422719764,3.377853552422039e-13,0.012333333333333333,0.6472133938380498,0.5,0.3446098422719764
Pkt Len Std,-0.32490823287481413,0.030991303793288377,0.8083333333333333,0.875628721318824,0.4080841454250231,0.32490823287481413
Bwd IAT Mean,-0.29522938654248737,0.0026611461275248658,0.7106666666666667,0.763390553252194,0.4715874528135275,0.29522938654248737
URG Flag Cnt,-0.28173411643791507,0.036971512430132164,0.11533333333333333,0.44990845803951096,0.49995333208885573,0.28173411643791507
Fwd PSH Flags,-0.2113290021541714,0.033735103390790035,0.05333333333333334,0.47663349093817864,0.49997666604442786,0.2113290021541714
SYN Flag Cnt,-0.2113290021541714,0.033735103390790035,0.05333333333333334,0.47663349093817864,0.49997666604442786,0.2113290021541714
Flow Pkts/s,-0.1770594558530092,0.01604089955083492,0.585,0.11589193022328328,0.24184403404127858,0.1770594558530092
Fwd Pkts/s,-0.16723966882792432,0.010721554292567633,0.5923333333333334,0.11341426640345242,0.1477909502444561,0.16723966882792432
Active Max,-0.1341010326726136,0.41187503488406124,0.17166666666666666,0.7441478292739782,0.49766660444278515,0.1341010326726136
Fwd IAT Min,-0.12010810481547496,0.07853680928520923,0.4266666666666667,0.5026461509389333,0.986175958868516,0.12010810481547496
Bwd IAT Min,-0.11901529680963856,0.0012872998924767915,0.907,0.7258497561460451,0.006041546730291813,0.11901529680963856
Active Mean,-0.11015943150937141,0.4747059275787731,0.17166666666666666,0.744347487772515,0.49766660444278515,0.11015943150937141
Idle Std,-0.10156970371374206,0.15433334026241718,0.09766666666666667,0.47155313108145325,0.49748771078339865,0.10156970371374206
Active Std,-0.09365193915532191,0.3484278908945103,0.09933333333333333,0.45566484587751405,0.49848329288781035,0.09365193915532191
Bwd Pkts/s,-0.09181304453461547,0.03502240861312622,0.6583333333333333,0.198067911133389,0.3434465719038554,0.09181304453461547
Active Min,-0.08379625516861229,0.4248759283641001,0.17166666666666666,0.7438072954357717,0.49766660444278515,0.08379625516861229
Flow IAT Min,-0.06110110749478631,0.1768730480794359,0.4503333333333333,0.31409602254870866,0.41451253607202876,0.06110110749478631
Subflow Fwd Byts,0.040818126777615996,0.009243313971035394,0.872,0.6933851414576861,0.009634593696555668,0.040818126777615996
TotLen Fwd Pkts,0.040818126777615996,0.009243313971035394,0.872,0.6933851414576861,0.009634593696555668,0.040818126777615996
Flow Byts/s,-0.03523828755193272,0.015057944931323217,0.674,0.2665195036217872,0.22973417016509623,0.03523828755193272
Bwd Header Len,-0.011076184891387432,0.0001441158782521691,0.448,0.7629068544765687,0.8180683507578669,0.011076184891387432
Tot Bwd Pkts,-0.009400895652139881,0.00011883785223811157,0.404,0.7346063726107152,0.8181050993206113,0.009400895652139881
Subflow Bwd Pkts,-0.009400895652139881,0.00011883785223811157,0.404,0.7346063726107152,0.8181050993206113,0.009400895652139881
Fwd Header Len,-0.008933383126825725,0.00020269539478689195,0.7486666666666667,0.7972816396309694,0.010100838350599805,0.008933383126825725
TotLen Bwd Pkts,-0.008511615594567904,1.3655334732341145e-05,0.6393333333333333,0.8286642570908321,0.8181278352711622,0.008511615594567904
Subflow Bwd Byts,-0.008510577538225369,1.365365121950023e-05,0.6393333333333333,0.8286642570908321,0.8181278352711622,0.008510577538225369
Fwd Act Data Pkts,-0.00847585932166848,0.0006692733351340734,0.30733333333333335,0.5868907259390974,0.41559495826174087,0.00847585932166848
Tot Fwd Pkts,-0.007877671054221132,0.0004865395342506687,0.7513333333333333,0.7691946146665062,0.009067021164043185,0.007877671054221132
Subflow Fwd Pkts,-0.007877671054221132,0.0004865395342506687,0.7513333333333333,0.7691946146665062,0.009067021164043185,0.007877671054221132
Bwd URG Flags,0.0,0.0,0.0,0.5,0.5,0.0
Bwd PSH Flags,0.0,0.0,0.0,0.5,0.5,0.0
Fwd URG Flags,0.0,0.0,0.0,0.5,0.5,0.0
Bwd Blk Rate Avg,0.0,0.0,0.0,0.5,0.5,0.0
Bwd Byts/b Avg,0.0,0.0,0.0,0.5,0.5,0.0
Bwd Pkts/b Avg,0.0,0.0,0.0,0.5,0.5,0.0
Fwd Pkts/b Avg,0.0,0.0,0.0,0.5,0.5,0.0
Fwd Byts/b Avg,0.0,0.0,0.0,0.5,0.5,0.0
CWE Flag Count,0.0,0.0,0.0,0.5,0.5,0.0
Fwd Blk Rate Avg,0.0,0.0,0.0,0.5,0.5,0.0
