pool,metric,variant,mean,ci95_lo,ci95_hi,seed_min,seed_max,units
raw10,macro_f1,aqt_logit,0.627949278390462,0.5973204360807431,0.6791043285298947,0.5947447960853344,0.7268859811377135,30
raw10,macro_f1,aqt_prob,0.627949278390462,0.5973204360807431,0.6791043285298947,0.5947447960853344,0.7268859811377135,30
raw10,macro_f1,base,0.49744828441535444,0.49737922546804536,0.49748449103720493,0.4973148216897849,0.49748743718592964,30
raw10,macro_f1,oracle_logit,0.6369261069532306,0.5858453594935437,0.6894436050436838,0.5820994790110876,0.7135145078649284,30
raw10,macro_f1,pseudo_logit,0.599395230439396,0.5538398992816791,0.6506119550336686,0.5246873343804185,0.6935576400218673,30
raw10,attack_f1,aqt_logit,0.26223009774944245,0.20133167493200743,0.3639879722204075,0.1960807042943058,0.45899695510372873,30
raw10,attack_f1,aqt_prob,0.26223009774944245,0.20133167493200743,0.3639879722204075,0.1960807042943058,0.45899695510372873,30
raw10,attack_f1,base,0.0,0.0,0.0,0.0,0.0,30
raw10,attack_f1,oracle_logit,0.28109807203149045,0.18002089952104522,0.3849677345570518,0.1728851401242861,0.4325021422610118,30
raw10,attack_f1,pseudo_logit,0.20636692238955892,0.11599499904136992,0.30803517311123024,0.05859234091166408,0.3934664439983891,30
raw10,recall,aqt_logit,0.23,0.16683333333333333,0.33867083333333325,0.15916666666666665,0.43916666666666665,30
raw10,recall,aqt_prob,0.23,0.16683333333333333,0.33867083333333325,0.15916666666666665,0.43916666666666665,30
raw10,recall,base,0.0,0.0,0.0,0.0,0.0,30
raw10,recall,oracle_logit,0.27883333333333327,0.18016666666666667,0.38034166666666663,0.1708333333333333,0.43,30
raw10,recall,pseudo_logit,0.1953333333333334,0.10700000000000001,0.30383333333333334,0.05833333333333333,0.395,30
raw77,macro_f1,aqt_logit,0.8029362607617667,0.7448245885457283,0.8616311088447034,0.7425596098807099,0.8895895236668071,30
raw77,macro_f1,aqt_prob,0.7457377318915317,0.6345641080276279,0.8608934102301898,0.5983050218058269,0.8895895236668071,30
raw77,macro_f1,base,0.4974853327879404,0.4974819657421686,0.49748743718592964,0.49748112394966076,0.49748743718592964,30
raw77,macro_f1,oracle_logit,0.8047780591488388,0.7475695499684042,0.8680627376962249,0.7467098895178572,0.9046715661499398,30
raw77,macro_f1,pseudo_logit,0.7834027895236545,0.7495016095895265,0.8250263746096145,0.7489260290988282,0.8578729103706811,30
raw77,attack_f1,aqt_logit,0.6097591962580157,0.4946840300865507,0.7259919625998056,0.490194248834479,0.7813716560277234,30
raw77,attack_f1,aqt_prob,0.49588326519684683,0.2751175194871447,0.7245182258938171,0.2029221704034985,0.7813716560277234,30
raw77,attack_f1,base,0.0,0.0,0.0,0.0,0.0,30
raw77,attack_f1,oracle_logit,0.6135812017449945,0.5001522227745986,0.7389636699082963,0.4984616401398825,0.8114284524713367,30
raw77,attack_f1,pseudo_logit,0.571588762497576,0.5040054972840802,0.6543446692359108,0.5028646105477169,0.7192432105163883,30
raw77,recall,aqt_logit,0.6031666666666667,0.48700000000000004,0.722,0.48333333333333334,0.7758333333333334,30
raw77,recall,aqt_prob,0.47416666666666674,0.2378291666666667,0.7175041666666667,0.15916666666666665,0.7758333333333334,30
raw77,recall,base,0.0,0.0,0.0,0.0,0.0,30
raw77,recall,oracle_logit,0.6573333333333333,0.49550000000000005,0.8221666666666666,0.4916666666666667,0.9058333333333334,30
raw77,recall,pseudo_logit,0.6518333333333334,0.504,0.8026708333333334,0.5025000000000001,0.8708333333333332,30
