a,b,mean_diff,ci95_lo,ci95_hi,seed_diffs,all_seeds_positive,pool,metric
aqt_logit,base,0.13050099397510742,0.09983964880969723,0.1816567916888281,"[0.108, 0.0973, 0.2294, 0.106, 0.1118]",True,raw10,macro_f1
aqt_logit,aqt_prob,0.0,0.0,0.0,"[0.0, 0.0, 0.0, 0.0, 0.0]",False,raw10,macro_f1
oracle_logit,aqt_logit,0.008976828562768794,-0.02198401556167792,0.06280518680769515,"[-0.0131, 0.1151, -0.0134, -0.0214, -0.0223]",False,raw10,macro_f1
pseudo_logit,aqt_logit,-0.02855404795106601,-0.059485841341210946,-0.006364748037635502,"[-0.0067, -0.0152, -0.0333, -0.0031, -0.0845]",False,raw10,macro_f1
oracle_logit,pseudo_logit,0.037530876513834806,-0.007959803611880756,0.0884263413547952,"[-0.0064, 0.1303, 0.02, -0.0184, 0.0622]",False,raw10,macro_f1
aqt_logit,base,0.30545092797382634,0.2473400554416084,0.3641453551613021,"[0.2472, 0.2551, 0.3921, 0.3878, 0.2451]",True,raw77,macro_f1
aqt_logit,aqt_prob,0.057198528870235195,-0.0019420979142380425,0.11904775444948372,"[0.136, 0.1543, 0.0, 0.0, -0.0043]",False,raw77,macro_f1
oracle_logit,aqt_logit,0.0018417983870721503,-0.006996953400576918,0.009878006171693945,"[0.002, -0.0029, 0.0151, -0.012, 0.007]",False,raw77,macro_f1
pseudo_logit,aqt_logit,-0.019533471238112294,-0.05191659288153175,0.005140823473294109,"[0.0042, 0.0012, -0.0317, -0.0792, 0.0078]",False,raw77,macro_f1
oracle_logit,pseudo_logit,0.021375269625184445,-0.0026546995981326874,0.051079819162980454,"[-0.0022, -0.0041, 0.0468, 0.0672, -0.0008]",False,raw77,macro_f1
