kind,a,b,mean,lo,hi,seed_min,seed_max,seeds_positive,n_seeds
level,aqt,,0.5046579443783968,0.49432768529932314,0.5149882034574705,0.4952554007672118,0.5853558264564156,,20
level,base,,0.5021624071662816,0.4926707556216911,0.511654058710872,0.49715894805651933,0.5882226677961347,,20
level,oracle_reset,,0.5260169550328367,0.5137711574525492,0.5382627526131243,0.4952554007672118,0.5762757931657188,,20
level,pseudo_reset,,0.5124278820207879,0.5069225810697395,0.5179331829718363,0.49706369017782154,0.5496044793976174,,20
diff,aqt,base,0.002495537212115298,-0.0028219909790053207,0.007813065403235916,-0.0028668413397191506,0.05024945600877584,6.0,20
diff,oracle_reset,base,0.02385454786655508,0.010567398443539194,0.037141697289570966,-0.03252766507545224,0.07878835597978912,17.0,20
diff,pseudo_reset,base,0.010265474854506384,-0.0007193523859137952,0.021250302094926565,-0.0766199651889875,0.05240760683307,18.0,20
diff,oracle_reset,aqt,0.021359010654439785,0.008351125385969237,0.03436689592291033,-0.02966082373573309,0.07924330146468261,16.0,20
diff,pseudo_reset,aqt,0.007769937642391087,-0.001926006030885192,0.017465881315667366,-0.07375312384926835,0.02720276219499118,19.0,20
