day,order,rule,recall,precision,attack_f1,alert_rate
tue20_18,time_ordered,aqt_W500,0.13448399856166846,0.13156285382175786,0.13299773544470525,0.010207897367304526
tue20_18,time_ordered,aqt_W2000,0.1769147788565264,0.1734966797225251,0.1751770823050548,0.010188121588678187
tue20_18,time_ordered,aqt_W5000,0.2565623876303487,0.264444886006483,0.2604120970003231,0.009693727123019726
tue20_18,time_ordered,budget_1pct,0.3221862639338367,0.25834717658500594,0.28660830122507397,0.012415593381226673
tue20_18,time_ordered,static_benign_50,0.43024092053218266,0.17640288994948414,0.24552153820562791,0.02609144320036819
tue20_18,time_ordered,static_benign_500,0.3221862639338367,0.22811565763210517,0.2667717375576775,0.014073163189725226
tue20_18,time_ordered,aqt_cap_benign_500,0.32236605537576407,0.2086184977586008,0.2531336897912162,0.01539094916546214
tue20_18,time_ordered,static_benign_5000,0.37540453074433655,0.22349207897828474,0.28001463494203654,0.01683817660129873
tue20_18,time_ordered,_cluster,0.42394822006472493,0.10200000000000002,,
tue20_18,shuffled,aqt_W500,0.3193096008629989,0.32388702607410835,0.32148277828696453,0.009864517938429011
tue20_18,shuffled,aqt_W2000,0.3054656598345919,0.3263303845185036,0.31551734167382084,0.009379112463055249
tue20_18,shuffled,aqt_W5000,0.2761596548004315,0.323756008397886,0.29801645409155664,0.008546731962692095
tue20_18,shuffled,budget_1pct,0.3225458468176915,0.31943047278000053,0.3208162151754086,0.010128794252799174
tue20_18,shuffled,static_benign_50,0.3948220064724919,0.20181204688410037,0.24978631016732825,0.025282434074745248
tue20_18,shuffled,static_benign_500,0.35994246673858327,0.2552787158931732,0.29206219026968905,0.014954084237625755
tue20_18,shuffled,aqt_cap_benign_500,0.3656957928802589,0.2403446746238795,0.28623628134466106,0.015752306574907053
tue20_18,shuffled,static_benign_5000,0.34861560589715934,0.2579855838679698,0.2956439667001316,0.013571577531839003
tue20_18,shuffled,_cluster,0.08306364617044228,0.025222222222222226,,
wed14_18,time_ordered,aqt_W500,0.0007662835249042146,0.00077229107105046,0.0007692716441833428,0.010006782310813762
wed14_18,time_ordered,aqt_W2000,0.0,0.0,0.0,0.009380280718695037
wed14_18,time_ordered,aqt_W5000,0.0,0.0,0.0,0.008451065819069405
wed14_18,time_ordered,budget_1pct,0.0,0.0,0.0,0.009805612074812337
wed14_18,time_ordered,static_benign_50,0.028927203065134095,0.004799279923751218,0.008159922017063479,0.04625957474528017
wed14_18,time_ordered,static_benign_500,0.0,0.0,0.0,0.013495648975181343
wed14_18,time_ordered,aqt_cap_benign_500,0.0007662835249042146,0.000542370647572284,0.0006351613391246561,0.01433098443133964
wed14_18,time_ordered,static_benign_5000,0.0,0.0,0.0,0.009391776160752263
wed14_18,time_ordered,_cluster,0.5078544061302682,0.12144444444444444,,
wed14_18,shuffled,aqt_W500,0.0,0.0,0.0,0.009797948446774188
wed14_18,shuffled,aqt_W2000,0.0,0.0,0.0,0.009284485368218168
wed14_18,shuffled,aqt_W5000,0.0,0.0,0.0,0.008255643304096592
wed14_18,shuffled,budget_1pct,0.0,0.0,0.0,0.010012530031842375
wed14_18,shuffled,static_benign_50,0.051915708812260535,0.006265954486416963,0.01106315553073313,0.025945212723155267
wed14_18,shuffled,static_benign_500,0.0005747126436781609,0.0002504752785756907,0.00034560723514211883,0.011909277971284384
wed14_18,shuffled,aqt_cap_benign_500,0.0005747126436781609,0.00024900037096811726,0.000344402498807271,0.01364317381491572
wed14_18,shuffled,static_benign_5000,0.0,0.0,0.0,0.009999118682775612
wed14_18,shuffled,_cluster,0.08467432950191572,0.025222222222222226,,
wed21_18,time_ordered,aqt_W500,0.02661498708010336,0.02933563262480278,0.027871319936144705,0.009156942251937146
wed21_18,time_ordered,aqt_W2000,0.022739018087855296,0.020883001573738905,0.02176820533426616,0.010828406640459755
wed21_18,time_ordered,aqt_W5000,0.017054263565891473,0.008780399758236555,0.01158341317458658,0.019198625684836105
wed21_18,time_ordered,budget_1pct,0.018863049095607234,0.03429356014619031,0.024254627104523047,0.005666986514790396
wed21_18,time_ordered,static_benign_50,0.0,0.0,0.0,0.00038691305289875256
wed21_18,time_ordered,static_benign_500,0.44754521963824284,0.25824117001860725,0.2883753684100462,0.015935658938723292
wed21_18,time_ordered,aqt_cap_benign_500,0.4483204134366925,0.1666465979185473,0.23412087862430356,0.022528657360118037
wed21_18,time_ordered,static_benign_5000,0.9878552971576229,0.1179606401553473,0.21068751119908555,0.08388532928880223
wed21_18,time_ordered,_cluster,0.9625322997416021,0.41333333333333333,,
wed21_18,shuffled,aqt_W500,0.4511627906976744,0.46206370016049786,0.4564791165450063,0.009747629512695907
wed21_18,shuffled,aqt_W2000,0.39922480620155043,0.4382911939902289,0.41780204243744584,0.009095036163473343
wed21_18,shuffled,aqt_W5000,0.33695090439276487,0.4353248834969355,0.37977464409631945,0.0077279433765644195
wed21_18,shuffled,budget_1pct,0.4338501291989664,0.4332568384127742,0.4334004450158926,0.009964300822319208
wed21_18,shuffled,static_benign_50,0.8770025839793282,0.27029278544928864,0.3848622784464879,0.038355980644029675
wed21_18,shuffled,static_benign_500,0.9878552971576229,0.4766394897010614,0.6375056524625955,0.021540739365049886
wed21_18,shuffled,aqt_cap_benign_500,0.9878552971576229,0.473081783247962,0.6347345270171201,0.021641336758803562
wed21_18,shuffled,static_benign_5000,0.9878552971576229,0.497506264003692,0.6614768873152754,0.01985637787476398
wed21_18,shuffled,_cluster,0.09147286821705428,0.02444444444444445,,
