metric,variant,mean,ci95_lo,ci95_hi,seed_min,seed_max,units
macro_f1,aqt,0.5179475227624978,0.5157253436200449,0.5202895812612378,0.5179475227624976,0.5179475227624976,30
macro_f1,base,0.4988158284187035,0.49798619962358276,0.49981171135970837,0.49881582841870337,0.49881582841870337,30
macro_f1,oracle_adam_100x,0.5044266905566729,0.5000371216246013,0.510200077109896,0.5044266905566729,0.5044266905566729,30
macro_f1,oracle_adam_10x,0.5577129156232434,0.5523485115074368,0.5631344306573662,0.5577129156232435,0.5577129156232435,30
macro_f1,oracle_adam_1x,0.5189292841310064,0.5138927837110323,0.5240270277298499,0.5189292841310064,0.5189292841310064,30
macro_f1,oracle_adam_30x,0.5202260478653622,0.5150665806878576,0.5256235209189353,0.5202260478653622,0.5202260478653622,30
macro_f1,oracle_reset,0.49746705820903714,0.4967269835212787,0.49829067487579976,0.49746705820903714,0.49746705820903714,30
macro_f1,oracle_sgd_100x,0.5476421087055194,0.5427042114857842,0.5525876683919451,0.5476421087055193,0.5476421087055193,30
macro_f1,oracle_sgd_10x,0.5047047845384779,0.5028209680476781,0.5068169142288839,0.5047047845384778,0.5047047845384778,30
macro_f1,oracle_sgd_1x,0.5184474823839832,0.5161141374242891,0.5208972849619135,0.5184474823839832,0.5184474823839832,30
macro_f1,pseudo_adam_100x,0.4967758896069933,0.49301048872435466,0.4999232340311006,0.49677588960699326,0.49677588960699326,30
macro_f1,pseudo_adam_10x,0.505256518035538,0.5018492442307507,0.5088661653984168,0.5052565180355381,0.5052565180355381,30
macro_f1,pseudo_adam_1x,0.5160144470745014,0.5140059178757908,0.5182624837833836,0.5160144470745014,0.5160144470745014,30
macro_f1,pseudo_adam_30x,0.4995070106788326,0.4972973674805898,0.5019697413088564,0.4995070106788326,0.4995070106788326,30
macro_f1,pseudo_reset,0.5136473232563409,0.5117186731283586,0.5158288529735016,0.5136473232563409,0.5136473232563409,30
macro_f1,pseudo_sgd_100x,0.5064829117546956,0.5037993459569935,0.5092707232970719,0.5064829117546956,0.5064829117546956,30
macro_f1,pseudo_sgd_10x,0.515400582811345,0.5134877232092497,0.5175245333302558,0.515400582811345,0.515400582811345,30
macro_f1,pseudo_sgd_1x,0.5177104652909927,0.5154205449670485,0.5201937590340933,0.5177104652909926,0.5177104652909926,30
macro_f1,pseudoneg_adam1x,0.515177063134915,0.513157912733792,0.5174539857721399,0.515177063134915,0.515177063134915,30
macro_f1,pseudoneg_reset,0.5137222363018723,0.511837088908519,0.5158872938409002,0.5137222363018724,0.5137222363018724,30
macro_f1,pseudopos_adam1x,0.5180483239946513,0.5158959665425785,0.5204894118284442,0.5180483239946513,0.5180483239946513,30
macro_f1,pseudopos_reset,0.5173993161319103,0.5153068196184564,0.5197476489000773,0.5173993161319103,0.5173993161319103,30
attack_f1,aqt,0.04540894712386061,0.041013153246470264,0.050060918607854145,0.04540894712386061,0.04540894712386061,30
attack_f1,base,0.0026501157578444415,0.0009950248756218907,0.004636881598607622,0.0026501157578444415,0.0026501157578444415,30
attack_f1,oracle_adam_100x,0.02358910266743296,0.01516910357688889,0.03437567744412527,0.023589102667432967,0.023589102667432967,30
attack_f1,oracle_adam_10x,0.12551011041685423,0.11486231373556162,0.13619511330377848,0.1255101104168542,0.1255101104168542,30
attack_f1,oracle_adam_1x,0.048138489647829935,0.03823509258552339,0.058231391749661264,0.048138489647829935,0.048138489647829935,30
attack_f1,oracle_adam_30x,0.052904038925342525,0.043036532054256275,0.06344680144728895,0.052904038925342525,0.052904038925342525,30
attack_f1,oracle_reset,0.004050158385859788,0.0025838674757119678,0.005688235256309951,0.004050158385859788,0.004050158385859788,30
attack_f1,oracle_sgd_100x,0.10491604146518216,0.09518976729983616,0.11474227582312958,0.10491604146518217,0.10491604146518217,30
attack_f1,oracle_sgd_10x,0.020144353169863512,0.016449700104054516,0.02432913095353756,0.020144353169863512,0.020144353169863512,30
attack_f1,oracle_sgd_1x,0.04649143308396704,0.04189212581480916,0.051343834203828945,0.04649143308396705,0.04649143308396705,30
attack_f1,pseudo_adam_100x,0.007263787794605405,0.004379216178826345,0.010689984035061873,0.007263787794605406,0.007263787794605406,30
attack_f1,pseudo_adam_10x,0.02207511423888828,0.01539750930906704,0.029180924448043596,0.02207511423888828,0.02207511423888828,30
attack_f1,pseudo_adam_1x,0.04207484180035982,0.038107129745995165,0.0465189924978522,0.04207484180035981,0.04207484180035981,30
attack_f1,pseudo_adam_30x,0.009735720060413063,0.005565536929007506,0.014802133877582543,0.009735720060413063,0.009735720060413063,30
attack_f1,pseudo_reset,0.03690376294313093,0.03308553454664392,0.04124315681231686,0.03690376294313093,0.03690376294313093,30
attack_f1,pseudo_sgd_100x,0.024990933279940914,0.01973235114178476,0.03047404727542223,0.024990933279940914,0.024990933279940914,30
attack_f1,pseudo_sgd_10x,0.040681925109216525,0.03688733481817074,0.04491312724792066,0.04068192510921652,0.04068192510921652,30
attack_f1,pseudo_sgd_1x,0.045145668510215814,0.04061595313989141,0.05006221509291616,0.045145668510215814,0.045145668510215814,30
attack_f1,pseudoneg_adam1x,0.03964230217664047,0.03565315833890334,0.04417103699199926,0.03964230217664047,0.03964230217664047,30
attack_f1,pseudoneg_reset,0.03679013553301282,0.03308325284976864,0.04109808465679324,0.03679013553301283,0.03679013553301283,30
attack_f1,pseudopos_adam1x,0.045833358838690025,0.04159373221832469,0.050671163961242924,0.045833358838690025,0.045833358838690025,30
attack_f1,pseudopos_reset,0.04460496541630015,0.04047156481108107,0.0492829814174468,0.04460496541630017,0.04460496541630017,30
recall,aqt,0.04483333333333333,0.040499999999999994,0.049499999999999995,0.04483333333333333,0.04483333333333333,30
recall,base,0.0013333333333333333,0.0005,0.0023333333333333335,0.0013333333333333333,0.0013333333333333333,30
recall,oracle_adam_100x,0.03216666666666667,0.022333333333333337,0.04433333333333333,0.03216666666666666,0.03216666666666666,30
recall,oracle_adam_10x,0.14316666666666666,0.1305,0.1553375,0.14316666666666666,0.14316666666666666,30
recall,oracle_adam_1x,0.05133333333333333,0.04082916666666666,0.06200416666666666,0.051333333333333335,0.051333333333333335,30
recall,oracle_adam_30x,0.06633333333333333,0.05483333333333333,0.07850416666666665,0.06633333333333333,0.06633333333333333,30
recall,oracle_reset,0.003666666666666667,0.0023333333333333335,0.0051666666666666675,0.0036666666666666666,0.0036666666666666666,30
recall,oracle_sgd_100x,0.11133333333333333,0.10149583333333331,0.12133333333333332,0.11133333333333333,0.11133333333333333,30
recall,oracle_sgd_10x,0.021833333333333337,0.017833333333333333,0.026333333333333337,0.021833333333333333,0.021833333333333333,30
recall,oracle_sgd_1x,0.04633333333333334,0.04183333333333333,0.051166666666666666,0.04633333333333334,0.04633333333333334,30
recall,pseudo_adam_100x,0.015333333333333334,0.005995833333333334,0.026170833333333313,0.015333333333333334,0.015333333333333334,30
recall,pseudo_adam_10x,0.025500000000000005,0.017833333333333333,0.0335,0.025500000000000002,0.025500000000000002,30
recall,pseudo_adam_1x,0.043666666666666666,0.0395,0.04833333333333333,0.043666666666666666,0.043666666666666666,30
recall,pseudo_adam_30x,0.012833333333333335,0.006000000000000002,0.021833333333333337,0.012833333333333334,0.012833333333333334,30
recall,pseudo_reset,0.036500000000000005,0.03266666666666667,0.040833333333333326,0.0365,0.0365,30
recall,pseudo_sgd_100x,0.030333333333333337,0.024000000000000004,0.03683333333333332,0.030333333333333334,0.030333333333333334,30
recall,pseudo_sgd_10x,0.041499999999999995,0.03766666666666666,0.04583333333333332,0.0415,0.0415,30
recall,pseudo_sgd_1x,0.04549999999999999,0.04099583333333333,0.050337499999999986,0.0455,0.0455,30
recall,pseudoneg_adam1x,0.038000000000000006,0.03416666666666667,0.04233333333333333,0.038000000000000006,0.038000000000000006,30
recall,pseudoneg_reset,0.03533333333333334,0.03182916666666667,0.039499999999999987,0.035333333333333335,0.035333333333333335,30
recall,pseudopos_adam1x,0.04633333333333333,0.041999999999999996,0.051333333333333335,0.04633333333333334,0.04633333333333334,30
recall,pseudopos_reset,0.04533333333333334,0.04116666666666666,0.05016666666666666,0.04533333333333334,0.04533333333333334,30
