a,b,mean_diff,ci95_lo,ci95_hi
base,aqt,-0.019131694343794244,-0.02153283877506874,-0.016813832935709837
oracle_adam_100x,aqt,-0.013520832205824737,-0.018472646845479588,-0.007796252777687417
oracle_adam_10x,aqt,0.03976539286074592,0.03332394637321454,0.046055721826152904
oracle_adam_1x,aqt,0.000981761368508699,-0.005088988012001192,0.006989877606343975
oracle_adam_30x,aqt,0.0022785251028645463,-0.0031197177690950486,0.00766130002352483
oracle_reset,aqt,-0.020480464553460472,-0.022766523133378173,-0.01841265327673558
oracle_sgd_100x,aqt,0.029694585943021757,0.024540951919202657,0.03480954205180783
oracle_sgd_10x,aqt,-0.013242738224019774,-0.014916432781033967,-0.011617816308433388
oracle_sgd_1x,aqt,0.0004999596214855388,-0.00041326044816769863,0.0012993962499947152
pseudo_adam_100x,aqt,-0.021171633155504344,-0.025332118849959923,-0.017387836280283137
pseudo_adam_10x,aqt,-0.012691004726959599,-0.01634978359149322,-0.009148478539549948
pseudo_adam_1x,aqt,-0.0019330756879962848,-0.0032433754353463763,-0.0006062318996268059
pseudo_adam_30x,aqt,-0.018440512083665025,-0.021305040167393482,-0.015844117976065948
pseudo_reset,aqt,-0.004300199506156699,-0.005994601931913044,-0.0026911811488320994
pseudo_sgd_100x,aqt,-0.01146461100780199,-0.014918998572224456,-0.0081666007075349
pseudo_sgd_10x,aqt,-0.0025469399511525493,-0.004346566090272065,-0.0008355301588081587
pseudo_sgd_1x,aqt,-0.00023705747150497188,-0.001609136840146182,0.001294868862065408
pseudoneg_adam1x,aqt,-0.002770459627582707,-0.004427951612409215,-0.0010754167470508494
pseudoneg_reset,aqt,-0.004225286460625237,-0.00587141710124634,-0.0025212896559657404
pseudopos_adam1x,aqt,0.00010080123215365037,-0.001169712038093412,0.0013225103132386792
pseudopos_reset,aqt,-0.0005482066305873483,-0.0019291726625528542,0.0007958954117537126
