family,pool,n_tune,tuning_gains,chosen,heldout_gain,lo,hi,seeds_positive,n_eval
oracle,paper10,6,"{1: 0.0103, 3: 0.0432, 10: 0.0505, 30: 0.0296, 100: -0.0042}",10,0.05227113772483301,0.04250949151877486,0.06203278393089116,20,20
oracle,multi77,6,"{1: 0.182, 3: 0.1975, 10: 0.1599, 30: 0.0567, 100: -0.0062}",3,0.18650342619841226,0.16543238838851404,0.20757446400831048,20,20
oracle,multi10,6,"{1: 0.2413, 3: 0.242, 10: 0.2162, 30: 0.1804, 100: 0.0237}",3,0.21642707284908563,0.2025469339457378,0.23030721175243346,20,20
oracle,raw77,6,"{1: 0.0385, 3: 0.0817, 10: 0.0758, 30: 0.0162, 100: -0.1107}",3,0.06609498478715788,0.03404781373873082,0.09814215583558493,18,20
oracle,nf,6,"{1: 0.2857, 3: 0.3287, 10: 0.3218, 30: 0.2356, 100: 0.0846}",3,0.3296301825485206,0.321026917534695,0.33823344756234625,20,20
pseudo,paper10,6,"{1: -0.0066, 3: -0.0068, 10: -0.0105, 30: -0.0063, 100: -0.0079}",30,-0.008529367148112713,-0.014535023211103129,-0.002523711085122297,5,20
pseudo,multi77,6,"{1: -0.0082, 3: -0.0129, 10: -0.0165, 30: -0.0156, 100: -0.0208}",1,-0.011987000949726972,-0.015578059070404571,-0.008395942829049373,0,20
pseudo,multi10,6,"{1: -0.0041, 3: -0.0132, 10: -0.0077, 30: -0.0003, 100: 0.0083}",100,0.0030794767303947202,-0.006744446595839627,0.012903400056629067,16,20
pseudo,raw77,6,"{1: 0.0078, 3: 0.0022, 10: -0.1411, 30: -0.1869, 100: -0.2463}",1,-0.01018562253826788,-0.032286362282605646,0.011915117206069886,11,20
pseudo,nf,6,"{1: 0.0, 3: 0.0011, 10: 0.0093, 30: 0.0259, 100: 0.0367}",100,0.002111697580639074,-0.005700387139842967,0.009923782301121117,12,20
