pool,day,est,k,c,recall,precision
raw77,wed21_raw,q99,500,0.0,0.993,0.414
raw77,wed21_raw,q99,500,0.01,0.225,0.649
raw77,wed21_raw,q99,500,0.05,0.068,0.563
raw77,wed21_raw,q99,500,0.1,0.053,0.582
raw77,wed21_raw,q99,500,0.2,0.027,0.437
raw77,wed21_raw,q99,1000,0.0,0.993,0.129
raw77,wed21_raw,q99,1000,0.01,0.601,0.652
raw77,wed21_raw,q99,1000,0.05,0.139,0.748
raw77,wed21_raw,q99,1000,0.1,0.083,0.723
raw77,wed21_raw,q99,1000,0.2,0.037,0.535
raw77,wed21_raw,q99,5000,0.0,0.993,0.104
raw77,wed21_raw,q99,5000,0.01,0.882,0.729
raw77,wed21_raw,q99,5000,0.05,0.18,0.554
raw77,wed21_raw,q99,5000,0.1,0.097,0.767
raw77,wed21_raw,q99,5000,0.2,0.045,0.6
raw77,wed21_raw,qadj5,500,0.0,0.993,0.112
raw77,wed21_raw,qadj5,500,0.01,0.993,0.114
raw77,wed21_raw,qadj5,500,0.05,0.993,0.636
raw77,wed21_raw,qadj5,500,0.1,0.481,0.61
raw77,wed21_raw,qadj5,500,0.2,0.261,0.485
raw77,wed21_raw,qadj5,1000,0.0,0.993,0.101
raw77,wed21_raw,qadj5,1000,0.01,0.993,0.104
raw77,wed21_raw,qadj5,1000,0.05,0.993,0.13
raw77,wed21_raw,qadj5,1000,0.1,0.563,0.647
raw77,wed21_raw,qadj5,1000,0.2,0.286,0.504
raw77,wed21_raw,qadj5,5000,0.0,0.993,0.058
raw77,wed21_raw,qadj5,5000,0.01,0.993,0.063
raw77,wed21_raw,qadj5,5000,0.05,0.993,0.105
raw77,wed21_raw,qadj5,5000,0.1,0.585,0.654
raw77,wed21_raw,qadj5,5000,0.2,0.293,0.512
raw77,wed21_raw,qadj5_chk,500,0.0,0.993,0.233
raw77,wed21_raw,qadj5_chk,500,0.01,0.735,0.36
raw77,wed21_raw,qadj5_chk,500,0.05,0.947,0.638
raw77,wed21_raw,qadj5_chk,500,0.1,0.327,0.484
raw77,wed21_raw,qadj5_chk,500,0.2,0.175,0.356
raw77,wed21_raw,qadj5_chk,1000,0.0,0.993,0.129
raw77,wed21_raw,qadj5_chk,1000,0.01,0.75,0.522
raw77,wed21_raw,qadj5_chk,1000,0.05,0.948,0.163
raw77,wed21_raw,qadj5_chk,1000,0.1,0.401,0.575
raw77,wed21_raw,qadj5_chk,1000,0.2,0.192,0.384
raw77,wed21_raw,qadj5_chk,5000,0.0,0.993,0.104
raw77,wed21_raw,qadj5_chk,5000,0.01,0.923,0.541
raw77,wed21_raw,qadj5_chk,5000,0.05,0.774,0.156
raw77,wed21_raw,qadj5_chk,5000,0.1,0.451,0.616
raw77,wed21_raw,qadj5_chk,5000,0.2,0.209,0.433
multi77,tue20_18,q99,500,0.0,0.322,0.228
multi77,tue20_18,q99,500,0.01,0.324,0.292
multi77,tue20_18,q99,500,0.05,0.217,0.603
multi77,tue20_18,q99,500,0.1,0.119,0.571
multi77,tue20_18,q99,500,0.2,0.057,0.431
multi77,tue20_18,q99,1000,0.0,0.322,0.267
multi77,tue20_18,q99,1000,0.01,0.322,0.357
multi77,tue20_18,q99,1000,0.05,0.202,0.655
multi77,tue20_18,q99,1000,0.1,0.096,0.529
multi77,tue20_18,q99,1000,0.2,0.047,0.406
multi77,tue20_18,q99,5000,0.0,0.375,0.223
multi77,tue20_18,q99,5000,0.01,0.322,0.274
multi77,tue20_18,q99,5000,0.05,0.197,0.679
multi77,tue20_18,q99,5000,0.1,0.099,0.55
multi77,tue20_18,q99,5000,0.2,0.047,0.414
multi77,tue20_18,qadj5,500,0.0,0.447,0.075
multi77,tue20_18,qadj5,500,0.01,0.447,0.077
multi77,tue20_18,qadj5,500,0.05,0.44,0.105
multi77,tue20_18,qadj5,500,0.1,0.416,0.203
multi77,tue20_18,qadj5,500,0.2,0.271,0.594
multi77,tue20_18,qadj5,1000,0.0,0.452,0.07
multi77,tue20_18,qadj5,1000,0.01,0.447,0.074
multi77,tue20_18,qadj5,1000,0.05,0.442,0.102
multi77,tue20_18,qadj5,1000,0.1,0.421,0.197
multi77,tue20_18,qadj5,1000,0.2,0.282,0.549
multi77,tue20_18,qadj5,5000,0.0,0.459,0.066
multi77,tue20_18,qadj5,5000,0.01,0.451,0.068
multi77,tue20_18,qadj5,5000,0.05,0.441,0.09
multi77,tue20_18,qadj5,5000,0.1,0.436,0.17
multi77,tue20_18,qadj5,5000,0.2,0.282,0.569
multi77,tue20_18,qadj5_chk,500,0.0,0.322,0.228
multi77,tue20_18,qadj5_chk,500,0.01,0.324,0.292
multi77,tue20_18,qadj5_chk,500,0.05,0.217,0.603
multi77,tue20_18,qadj5_chk,500,0.1,0.186,0.5
multi77,tue20_18,qadj5_chk,500,0.2,0.057,0.431
multi77,tue20_18,qadj5_chk,1000,0.0,0.322,0.267
multi77,tue20_18,qadj5_chk,1000,0.01,0.322,0.357
multi77,tue20_18,qadj5_chk,1000,0.05,0.202,0.655
multi77,tue20_18,qadj5_chk,1000,0.1,0.206,0.391
multi77,tue20_18,qadj5_chk,1000,0.2,0.047,0.406
multi77,tue20_18,qadj5_chk,5000,0.0,0.375,0.223
multi77,tue20_18,qadj5_chk,5000,0.01,0.322,0.274
multi77,tue20_18,qadj5_chk,5000,0.05,0.197,0.679
multi77,tue20_18,qadj5_chk,5000,0.1,0.209,0.389
multi77,tue20_18,qadj5_chk,5000,0.2,0.061,0.424
multi77,wed14_18,q99,500,0.0,0.0,0.0
multi77,wed14_18,q99,500,0.01,0.0,0.0
multi77,wed14_18,q99,500,0.05,0.0,0.0
multi77,wed14_18,q99,500,0.1,0.0,0.0
multi77,wed14_18,q99,500,0.2,0.0,0.0
multi77,wed14_18,q99,1000,0.0,0.0,0.0
multi77,wed14_18,q99,1000,0.01,0.0,0.0
multi77,wed14_18,q99,1000,0.05,0.0,0.0
multi77,wed14_18,q99,1000,0.1,0.0,0.0
multi77,wed14_18,q99,1000,0.2,0.0,0.0
multi77,wed14_18,q99,5000,0.0,0.0,0.0
multi77,wed14_18,q99,5000,0.01,0.0,0.0
multi77,wed14_18,q99,5000,0.05,0.0,0.0
multi77,wed14_18,q99,5000,0.1,0.0,0.0
multi77,wed14_18,q99,5000,0.2,0.0,0.0
multi77,wed14_18,qadj5,500,0.0,0.026,0.005
multi77,wed14_18,qadj5,500,0.01,0.03,0.005
multi77,wed14_18,qadj5,500,0.05,0.028,0.005
multi77,wed14_18,qadj5,500,0.1,0.052,0.008
multi77,wed14_18,qadj5,500,0.2,0.054,0.009
multi77,wed14_18,qadj5,1000,0.0,0.019,0.004
multi77,wed14_18,qadj5,1000,0.01,0.018,0.004
multi77,wed14_18,qadj5,1000,0.05,0.032,0.006
multi77,wed14_18,qadj5,1000,0.1,0.038,0.006
multi77,wed14_18,qadj5,1000,0.2,0.034,0.006
multi77,wed14_18,qadj5,5000,0.0,0.036,0.006
multi77,wed14_18,qadj5,5000,0.01,0.036,0.006
multi77,wed14_18,qadj5,5000,0.05,0.039,0.007
multi77,wed14_18,qadj5,5000,0.1,0.038,0.007
multi77,wed14_18,qadj5,5000,0.2,0.05,0.008
multi77,wed14_18,qadj5_chk,500,0.0,0.0,0.0
multi77,wed14_18,qadj5_chk,500,0.01,0.0,0.0
multi77,wed14_18,qadj5_chk,500,0.05,0.0,0.0
multi77,wed14_18,qadj5_chk,500,0.1,0.0,0.0
multi77,wed14_18,qadj5_chk,500,0.2,0.0,0.0
multi77,wed14_18,qadj5_chk,1000,0.0,0.0,0.0
multi77,wed14_18,qadj5_chk,1000,0.01,0.0,0.0
multi77,wed14_18,qadj5_chk,1000,0.05,0.0,0.0
multi77,wed14_18,qadj5_chk,1000,0.1,0.0,0.0
multi77,wed14_18,qadj5_chk,1000,0.2,0.0,0.0
multi77,wed14_18,qadj5_chk,5000,0.0,0.0,0.0
multi77,wed14_18,qadj5_chk,5000,0.01,0.0,0.0
multi77,wed14_18,qadj5_chk,5000,0.05,0.0,0.0
multi77,wed14_18,qadj5_chk,5000,0.1,0.0,0.0
multi77,wed14_18,qadj5_chk,5000,0.2,0.0,0.0
multi77,wed21_18,q99,500,0.0,0.448,0.258
multi77,wed21_18,q99,500,0.01,0.246,0.337
multi77,wed21_18,q99,500,0.05,0.114,0.343
multi77,wed21_18,q99,500,0.1,0.046,0.191
multi77,wed21_18,q99,500,0.2,0.032,0.138
multi77,wed21_18,q99,1000,0.0,0.988,0.279
multi77,wed21_18,q99,1000,0.01,0.54,0.48
multi77,wed21_18,q99,1000,0.05,0.16,0.376
multi77,wed21_18,q99,1000,0.1,0.08,0.294
multi77,wed21_18,q99,1000,0.2,0.043,0.183
multi77,wed21_18,q99,5000,0.0,0.988,0.118
multi77,wed21_18,q99,5000,0.01,0.906,0.605
multi77,wed21_18,q99,5000,0.05,0.193,0.331
multi77,wed21_18,q99,5000,0.1,0.091,0.328
multi77,wed21_18,q99,5000,0.2,0.05,0.216
multi77,wed21_18,qadj5,500,0.0,0.988,0.125
multi77,wed21_18,qadj5,500,0.01,0.988,0.139
multi77,wed21_18,qadj5,500,0.05,0.964,0.5
multi77,wed21_18,qadj5,500,0.1,0.499,0.468
multi77,wed21_18,qadj5,500,0.2,0.269,0.321
multi77,wed21_18,qadj5,1000,0.0,0.988,0.096
multi77,wed21_18,qadj5,1000,0.01,0.988,0.104
multi77,wed21_18,qadj5,1000,0.05,0.988,0.277
multi77,wed21_18,qadj5,1000,0.1,0.569,0.501
multi77,wed21_18,qadj5,1000,0.2,0.276,0.329
multi77,wed21_18,qadj5,5000,0.0,0.988,0.053
multi77,wed21_18,qadj5,5000,0.01,0.988,0.057
multi77,wed21_18,qadj5,5000,0.05,0.988,0.119
multi77,wed21_18,qadj5,5000,0.1,0.589,0.511
multi77,wed21_18,qadj5,5000,0.2,0.301,0.348
multi77,wed21_18,qadj5_chk,500,0.0,0.988,0.182
multi77,wed21_18,qadj5_chk,500,0.01,0.791,0.244
multi77,wed21_18,qadj5_chk,500,0.05,0.964,0.5
multi77,wed21_18,qadj5_chk,500,0.1,0.34,0.35
multi77,wed21_18,qadj5_chk,500,0.2,0.179,0.242
multi77,wed21_18,qadj5_chk,1000,0.0,0.988,0.279
multi77,wed21_18,qadj5_chk,1000,0.01,0.885,0.263
multi77,wed21_18,qadj5_chk,1000,0.05,0.906,0.288
multi77,wed21_18,qadj5_chk,1000,0.1,0.405,0.415
multi77,wed21_18,qadj5_chk,1000,0.2,0.197,0.26
multi77,wed21_18,qadj5_chk,5000,0.0,0.988,0.118
multi77,wed21_18,qadj5_chk,5000,0.01,0.971,0.249
multi77,wed21_18,qadj5_chk,5000,0.05,0.775,0.173
multi77,wed21_18,qadj5_chk,5000,0.1,0.559,0.496
multi77,wed21_18,qadj5_chk,5000,0.2,0.212,0.279
