fam,order,rule,recall,precision,attack_f1,alert_rate
DDOS attack-HOIC,shuffled,aqt_W2000,0.5950179763739086,0.6175880714437917,0.6060590682787407,0.009630439581312019
DDOS attack-HOIC,shuffled,aqt_W20000,0.4417051874678994,0.6382382975275729,0.5220330177911839,0.006926370258574222
DDOS attack-HOIC,shuffled,aqt_W500,0.5833333333333334,0.5904910651715308,0.5868646285062622,0.009870430546358042
DDOS attack-HOIC,shuffled,aqt_W5000,0.5778120184899845,0.6286213140466065,0.6021306912436478,0.009182542004835753
DDOS attack-HOIC,shuffled,aqt_cap_benign_500,1.0,0.47036424258647763,0.6364421220909593,0.021776292486101054
DDOS attack-HOIC,shuffled,budget_1pct,0.638161273754494,0.6366759364504772,0.6372398157378972,0.01001545182470136
DDOS attack-HOIC,shuffled,static_benign_50,1.0,0.32492127317556657,0.47580082279235064,0.039195529751179424
DDOS attack-HOIC,shuffled,static_benign_500,1.0,0.472147024830931,0.6379425416573742,0.021714690527158766
DDOS attack-HOIC,shuffled,static_benign_5000,1.0,0.5075524527823302,0.6727436811588339,0.01977294544633186
DDOS attack-HOIC,time_ordered,aqt_W2000,0.02401129943502825,0.047386026110911895,0.0318579960909126,0.005048793884978875
DDOS attack-HOIC,time_ordered,aqt_W20000,0.01386748844375963,0.010088664637715154,0.011679680024045902,0.013732103347553119
DDOS attack-HOIC,time_ordered,aqt_W500,0.025423728813559324,0.09487164980365603,0.039952896559545474,0.002680968588134436
DDOS attack-HOIC,time_ordered,aqt_W5000,0.021443246019517206,0.031317775557425966,0.025451986440815453,0.006822416952859101
DDOS attack-HOIC,time_ordered,aqt_cap_benign_500,1.0,0.3915377889931146,0.5467958780340573,0.029108208974378717
DDOS attack-HOIC,time_ordered,budget_1pct,0.021571648690292756,0.12174081550172251,0.03315162792920711,0.0037782534817940544
DDOS attack-HOIC,time_ordered,static_benign_50,0.0,0.0,0.0,0.00014373790419868685
DDOS attack-HOIC,time_ordered,static_benign_500,1.0,0.415765242875958,0.5665091432864376,0.028208563698992297
DDOS attack-HOIC,time_ordered,static_benign_5000,1.0,0.10464001771287611,0.18941696402876995,0.09574484468606102
DDOS attack-LOIC-UDP,shuffled,aqt_W2000,0.011426978818283166,0.0054751188810229405,0.00740282647821664,0.009707146875596777
DDOS attack-LOIC-UDP,shuffled,aqt_W20000,0.006688963210702341,0.004447819859394685,0.005342396100593641,0.006994874812257096
DDOS attack-LOIC-UDP,shuffled,aqt_W500,0.011705685618729096,0.005453445929994618,0.007440113085444867,0.009943277126591621
DDOS attack-LOIC-UDP,shuffled,aqt_W5000,0.010869565217391304,0.00545394284324402,0.007263254098635954,0.009238757361328316
DDOS attack-LOIC-UDP,shuffled,aqt_cap_benign_500,0.011984392419175026,0.004562051962555351,0.006536566330249606,0.012491677376399363
DDOS attack-LOIC-UDP,shuffled,budget_1pct,0.011984392419175026,0.005682976082951884,0.007704062774112906,0.009796179593184998
DDOS attack-LOIC-UDP,shuffled,static_benign_50,0.011984392419175026,0.005771975750229755,0.0054857640335592124,0.026973042441509377
DDOS attack-LOIC-UDP,shuffled,static_benign_500,0.011426978818283166,0.0063166037053163275,0.007751486733506032,0.009614243170287329
DDOS attack-LOIC-UDP,shuffled,static_benign_5000,0.011984392419175026,0.00564040585256599,0.007613886752003388,0.010127794207970105
DDOS attack-LOIC-UDP,time_ordered,aqt_W2000,0.0,0.0,0.0,0.0049393803322855855
DDOS attack-LOIC-UDP,time_ordered,aqt_W20000,0.010312151616499442,0.0034136417309612098,0.005128912552471194,0.013983297978312145
DDOS attack-LOIC-UDP,time_ordered,aqt_W500,0.0,0.0,0.0,0.00251098070183588
DDOS attack-LOIC-UDP,time_ordered,aqt_W5000,0.004738015607580825,0.0030999638582886956,0.0037478116489452363,0.006803906084676566
DDOS attack-LOIC-UDP,time_ordered,aqt_cap_benign_500,0.012820512820512822,0.004743749681890007,0.006341012453367782,0.019321390045884106
DDOS attack-LOIC-UDP,time_ordered,budget_1pct,0.011984392419175026,0.003122407854425236,0.004950181719926898,0.017206540420853785
DDOS attack-LOIC-UDP,time_ordered,static_benign_50,0.0,0.0,0.0,0.00014451687492580606
DDOS attack-LOIC-UDP,time_ordered,static_benign_500,0.012820512820512822,0.005833583376789429,0.007053118260498553,0.018371707724943096
DDOS attack-LOIC-UDP,time_ordered,static_benign_5000,0.012820512820512822,0.0007001428103946987,0.0013276332225188876,0.0862739936722254
all,shuffled,aqt_W2000,0.6006676938880329,0.61972390341275,0.6100086692474709,0.00971129215242378
all,shuffled,aqt_W20000,0.4333590138674885,0.6301644281190649,0.5134982038701429,0.0068660516737765595
all,shuffled,aqt_W500,0.5806368772470467,0.5838690445411031,0.5822088358874703,0.009942299498457385
all,shuffled,aqt_W5000,0.5826913199794556,0.6296230493489711,0.6052312873112443,0.009250560834501204
all,shuffled,aqt_cap_benign_500,0.9929378531073446,0.4881420676702695,0.6511120452475976,0.020777827401578037
all,shuffled,budget_1pct,0.6258346173600411,0.6310523011455512,0.6282383034783486,0.00989096453267214
all,shuffled,static_benign_50,0.9925526450950181,0.36562150185676456,0.5029874498051324,0.03785055364760599
all,shuffled,static_benign_500,0.9929378531073446,0.4926337361394984,0.6546337863526183,0.020645639864681032
all,shuffled,static_benign_5000,0.9929378531073446,0.5015549074321478,0.6662172856114554,0.019819146915538582
all,time_ordered,aqt_W2000,0.02298407806882383,0.04520178939012906,0.030464769722427648,0.005070611245437604
all,time_ordered,aqt_W20000,0.01450950179763739,0.01055554975001427,0.012220187508388053,0.013747503837288693
all,time_ordered,aqt_W500,0.024781715459681563,0.09254156152492625,0.038971381055931544,0.0026822519622790673
all,time_ordered,aqt_W5000,0.020287621982537238,0.029832828757415688,0.024147051064278714,0.006778782231941643
all,time_ordered,aqt_cap_benign_500,0.9929378531073446,0.38965558033454734,0.543865520502858,0.02905174051201495
all,time_ordered,budget_1pct,0.01938880328710837,0.10972750138085648,0.029632605758265696,0.003756436121335325
all,time_ordered,static_benign_50,0.0,0.0,0.0,0.00014373790419868685
all,time_ordered,static_benign_500,0.9929378531073446,0.4142878581825659,0.5638645149711782,0.02813797812103758
all,time_ordered,static_benign_5000,0.9929378531073446,0.10398409983407993,0.18821553724262563,0.0956742591081063
