pool,day,family,auroc,tpr1
multi77,tue20_18,all,0.6363226863681021,0.32883375896874617
multi77,tue20_18,DDoS attacks-LOIC-HTTP,0.6363226863681021,0.32883375896874617
multi77,wed14_18,all,0.8759239438616664,0.0004322455154527772
multi77,wed14_18,SSH-Bruteforce,0.8758703671798038,0.0
multi77,wed21_18,all,0.9854304858209676,0.9904254433436016
multi77,wed21_18,DDOS attack-HOIC,0.9949567556485913,1.0
multi77,wed21_18,DDOS attack-LOIC-UDP,0.0,0.0
raw77,wed21_raw,all,0.9886862582920083,0.9917217306902603
raw77,wed21_raw,DDOS attack-HOIC,0.9969299137807482,1.0
raw77,wed21_raw,DDOS attack-LOIC-UDP,0.0122128588113768,0.011148272017837234
