variant,n,mean,lo,hi,n_seeds
base,100,0.6134226371571546,0.5210083913436341,0.7058368829706752,20
base,1000,0.4974235353573716,0.4971488162796475,0.4976982544350957,20
base,5000,0.4981619545758889,0.4964714196089274,0.49985248954285044,20
base,10000,0.49795873015536884,0.4970463392781114,0.49887112103262626,20
base,20000,0.4989176880801021,0.49758774159906793,0.5002476345611363,20
base,af1_20000,0.003099854218846199,0.0004999066386024249,0.005699801799089973,20
aqt,100,0.6385482652978581,0.5387349540979781,0.7383615764977381,20
aqt,1000,0.5035081427840686,0.4940451749971824,0.5129711105709548,20
aqt,5000,0.5096967764025793,0.5035772471474185,0.5158163056577401,20
aqt,10000,0.5085454649714508,0.504018209964113,0.5130727199787887,20
aqt,20000,0.5101652273147055,0.5054293480171078,0.5149011066123031,20
aqt,af1_20000,0.029995407567547233,0.020622015573717182,0.03936879956137729,20
oracle_reset,100,0.6385482652978581,0.5387349540979781,0.7383615764977381,20
oracle_reset,1000,0.5011645748546403,0.49238608962012825,0.5099430600891524,20
oracle_reset,5000,0.5063001715832149,0.5007340545466513,0.5118662886197786,20
oracle_reset,10000,0.5059373195559789,0.5021573640030361,0.5097172751089216,20
oracle_reset,20000,0.5066943323219948,0.5028024379021123,0.5105862267418773,20
oracle_reset,af1_20000,0.022650664775204173,0.01489732887159501,0.030404000678813336,20
pseudo_reset,100,0.6385482652978581,0.5387349540979781,0.7383615764977381,20
pseudo_reset,1000,0.501008449610975,0.49221272735478616,0.5098041718671639,20
pseudo_reset,5000,0.5072812141461944,0.5020095003590708,0.5125529279333181,20
pseudo_reset,10000,0.5069357643515271,0.5034692228180254,0.5104023058850288,20
pseudo_reset,20000,0.5071977317917659,0.5035658918066996,0.5108295717768321,20
pseudo_reset,af1_20000,0.024120185965466924,0.016943048336549374,0.031297323594384474,20
