pool,day,order,variant,recall,precision,attack_f1,alert_rate,n_seeds
multi77,tue20_18,shuffled,aqt_alone,0.313,0.319,0.316,0.01,3
multi77,tue20_18,shuffled,oracle_adam_10x,0.406,0.411,0.408,0.01,3
multi77,tue20_18,shuffled,oracle_adam_1x,0.478,0.522,0.498,0.009,3
multi77,tue20_18,shuffled,oracle_reset,0.379,0.44,0.407,0.009,3
multi77,tue20_18,time_ordered,aqt_alone,0.121,0.12,0.121,0.01,3
multi77,tue20_18,time_ordered,oracle_adam_10x,0.18,0.2,0.189,0.009,3
multi77,tue20_18,time_ordered,oracle_adam_1x,0.19,0.234,0.21,0.008,3
multi77,tue20_18,time_ordered,oracle_reset,0.237,0.254,0.245,0.009,3
multi77,wed14_18,shuffled,aqt_alone,0.0,0.0,0.0,0.01,3
multi77,wed14_18,shuffled,oracle_adam_10x,0.875,0.812,0.842,0.011,3
multi77,wed14_18,shuffled,oracle_adam_1x,0.811,0.792,0.802,0.01,3
multi77,wed14_18,shuffled,oracle_reset,0.59,0.651,0.619,0.009,3
multi77,wed14_18,time_ordered,aqt_alone,0.0,0.0,0.0,0.01,3
multi77,wed14_18,time_ordered,oracle_adam_10x,0.726,0.497,0.588,0.014,3
multi77,wed14_18,time_ordered,oracle_adam_1x,0.564,0.469,0.511,0.012,3
multi77,wed14_18,time_ordered,oracle_reset,0.271,0.245,0.257,0.011,3
multi77,wed21_18,shuffled,aqt_alone,0.44,0.454,0.447,0.01,3
multi77,wed21_18,shuffled,oracle_adam_10x,0.828,0.635,0.717,0.013,3
multi77,wed21_18,shuffled,oracle_adam_1x,0.681,0.601,0.636,0.011,3
multi77,wed21_18,shuffled,oracle_reset,0.501,0.488,0.494,0.01,3
multi77,wed21_18,time_ordered,aqt_alone,0.023,0.026,0.024,0.009,3
multi77,wed21_18,time_ordered,oracle_adam_10x,0.014,0.015,0.014,0.018,3
multi77,wed21_18,time_ordered,oracle_adam_1x,0.023,0.022,0.022,0.012,3
multi77,wed21_18,time_ordered,oracle_reset,0.023,0.036,0.028,0.008,3
raw77,wed21_raw,shuffled,aqt_alone,0.479,0.483,0.481,0.01,1
raw77,wed21_raw,shuffled,oracle_adam_10x,0.572,0.528,0.549,0.011,1
raw77,wed21_raw,shuffled,oracle_adam_1x,0.478,0.474,0.476,0.01,1
raw77,wed21_raw,shuffled,oracle_reset,0.479,0.477,0.478,0.01,1
raw77,wed21_raw,time_ordered,aqt_alone,0.025,0.086,0.038,0.003,1
raw77,wed21_raw,time_ordered,oracle_adam_10x,0.026,0.02,0.023,0.013,1
raw77,wed21_raw,time_ordered,oracle_adam_1x,0.031,0.045,0.037,0.007,1
raw77,wed21_raw,time_ordered,oracle_reset,0.031,0.1,0.047,0.003,1
