pool,day,order,variant,rule,recall,precision,attack_f1,n_seeds
multi77,tue20_18,shuffled,frozen,aqt,0.313,0.319,0.316,3
multi77,tue20_18,shuffled,frozen,budget_1pct,0.309,0.316,0.312,3
multi77,tue20_18,shuffled,frozen,ceiling,0.309,0.236,0.268,3
multi77,tue20_18,shuffled,frozen,clean500,0.311,0.305,0.304,3
multi77,tue20_18,shuffled,oracle_adam_10x,aqt,0.406,0.411,0.408,3
multi77,tue20_18,shuffled,oracle_adam_10x,budget_1pct,0.385,0.541,0.449,3
multi77,tue20_18,shuffled,oracle_adam_10x,ceiling,0.458,0.316,0.374,3
multi77,tue20_18,shuffled,oracle_adam_10x,clean500,0.286,0.612,0.345,3
multi77,tue20_18,shuffled,oracle_adam_1x,aqt,0.478,0.522,0.498,3
multi77,tue20_18,shuffled,oracle_adam_1x,budget_1pct,0.454,0.79,0.572,3
multi77,tue20_18,shuffled,oracle_adam_1x,ceiling,0.539,0.349,0.423,3
multi77,tue20_18,shuffled,oracle_adam_1x,clean500,0.259,0.75,0.368,3
multi77,tue20_18,time_ordered,frozen,aqt,0.121,0.12,0.121,3
multi77,tue20_18,time_ordered,frozen,budget_1pct,0.309,0.25,0.276,3
multi77,tue20_18,time_ordered,frozen,ceiling,0.309,0.236,0.268,3
multi77,tue20_18,time_ordered,frozen,clean500,0.309,0.22,0.257,3
multi77,tue20_18,time_ordered,oracle_adam_10x,aqt,0.18,0.2,0.189,3
multi77,tue20_18,time_ordered,oracle_adam_10x,budget_1pct,0.6,0.44,0.494,3
multi77,tue20_18,time_ordered,oracle_adam_10x,ceiling,0.607,0.371,0.459,3
multi77,tue20_18,time_ordered,oracle_adam_10x,clean500,0.59,0.601,0.535,3
multi77,tue20_18,time_ordered,oracle_adam_1x,aqt,0.19,0.234,0.21,3
multi77,tue20_18,time_ordered,oracle_adam_1x,budget_1pct,0.615,0.652,0.614,3
multi77,tue20_18,time_ordered,oracle_adam_1x,ceiling,0.629,0.377,0.469,3
multi77,tue20_18,time_ordered,oracle_adam_1x,clean500,0.329,0.732,0.431,3
multi77,wed14_18,shuffled,frozen,aqt,0.0,0.0,0.0,3
multi77,wed14_18,shuffled,frozen,budget_1pct,0.0,0.0,0.0,3
multi77,wed14_18,shuffled,frozen,ceiling,0.0,0.0,0.0,3
multi77,wed14_18,shuffled,frozen,clean500,0.0,0.0,0.0,3
multi77,wed14_18,shuffled,oracle_adam_10x,aqt,0.875,0.812,0.842,3
multi77,wed14_18,shuffled,oracle_adam_10x,budget_1pct,0.931,0.967,0.948,3
multi77,wed14_18,shuffled,oracle_adam_10x,ceiling,0.975,0.495,0.657,3
multi77,wed14_18,shuffled,oracle_adam_10x,clean500,0.817,0.966,0.875,3
multi77,wed14_18,shuffled,oracle_adam_1x,aqt,0.811,0.792,0.802,3
multi77,wed14_18,shuffled,oracle_adam_1x,budget_1pct,0.822,0.91,0.863,3
multi77,wed14_18,shuffled,oracle_adam_1x,ceiling,0.933,0.484,0.638,3
multi77,wed14_18,shuffled,oracle_adam_1x,clean500,0.284,0.308,0.296,3
multi77,wed14_18,time_ordered,frozen,aqt,0.0,0.0,0.0,3
multi77,wed14_18,time_ordered,frozen,budget_1pct,0.0,0.0,0.0,3
multi77,wed14_18,time_ordered,frozen,ceiling,0.0,0.0,0.0,3
multi77,wed14_18,time_ordered,frozen,clean500,0.0,0.0,0.0,3
multi77,wed14_18,time_ordered,oracle_adam_10x,aqt,0.726,0.497,0.588,3
multi77,wed14_18,time_ordered,oracle_adam_10x,budget_1pct,0.946,0.964,0.954,3
multi77,wed14_18,time_ordered,oracle_adam_10x,ceiling,0.994,0.5,0.666,3
multi77,wed14_18,time_ordered,oracle_adam_10x,clean500,0.882,0.964,0.917,3
multi77,wed14_18,time_ordered,oracle_adam_1x,aqt,0.564,0.469,0.511,3
multi77,wed14_18,time_ordered,oracle_adam_1x,budget_1pct,0.614,0.887,0.724,3
multi77,wed14_18,time_ordered,oracle_adam_1x,ceiling,0.956,0.491,0.648,3
multi77,wed14_18,time_ordered,oracle_adam_1x,clean500,0.295,0.298,0.297,3
multi77,wed21_18,shuffled,frozen,aqt,0.44,0.454,0.447,3
multi77,wed21_18,shuffled,frozen,budget_1pct,0.419,0.424,0.421,3
multi77,wed21_18,shuffled,frozen,ceiling,0.983,0.497,0.66,3
multi77,wed21_18,shuffled,frozen,clean500,0.983,0.591,0.735,3
multi77,wed21_18,shuffled,oracle_adam_10x,aqt,0.828,0.635,0.717,3
multi77,wed21_18,shuffled,oracle_adam_10x,budget_1pct,0.89,0.63,0.736,3
multi77,wed21_18,shuffled,oracle_adam_10x,ceiling,0.873,0.467,0.608,3
multi77,wed21_18,shuffled,oracle_adam_10x,clean500,0.971,0.021,0.04,3
multi77,wed21_18,shuffled,oracle_adam_1x,aqt,0.681,0.601,0.636,3
multi77,wed21_18,shuffled,oracle_adam_1x,budget_1pct,0.716,0.307,0.402,3
multi77,wed21_18,shuffled,oracle_adam_1x,ceiling,0.854,0.46,0.597,3
multi77,wed21_18,shuffled,oracle_adam_1x,clean500,0.983,0.013,0.025,3
multi77,wed21_18,time_ordered,frozen,aqt,0.023,0.026,0.024,3
multi77,wed21_18,time_ordered,frozen,budget_1pct,0.016,0.03,0.02,3
multi77,wed21_18,time_ordered,frozen,ceiling,0.983,0.497,0.66,3
multi77,wed21_18,time_ordered,frozen,clean500,0.443,0.255,0.285,3
multi77,wed21_18,time_ordered,oracle_adam_10x,aqt,0.014,0.015,0.014,3
multi77,wed21_18,time_ordered,oracle_adam_10x,budget_1pct,0.284,0.345,0.242,3
multi77,wed21_18,time_ordered,oracle_adam_10x,ceiling,0.293,0.156,0.204,3
multi77,wed21_18,time_ordered,oracle_adam_10x,clean500,0.208,0.315,0.25,3
multi77,wed21_18,time_ordered,oracle_adam_1x,aqt,0.023,0.022,0.022,3
multi77,wed21_18,time_ordered,oracle_adam_1x,budget_1pct,0.022,0.048,0.029,3
multi77,wed21_18,time_ordered,oracle_adam_1x,ceiling,0.755,0.409,0.527,3
multi77,wed21_18,time_ordered,oracle_adam_1x,clean500,0.208,0.298,0.244,3
raw77,wed21_raw,shuffled,frozen,aqt,0.479,0.483,0.481,1
raw77,wed21_raw,shuffled,frozen,budget_1pct,0.427,0.46,0.443,1
raw77,wed21_raw,shuffled,frozen,ceiling,0.992,0.5,0.665,1
raw77,wed21_raw,shuffled,frozen,clean500,0.992,0.626,0.768,1
raw77,wed21_raw,shuffled,oracle_adam_10x,aqt,0.572,0.528,0.549,1
raw77,wed21_raw,shuffled,oracle_adam_10x,budget_1pct,0.342,0.723,0.464,1
raw77,wed21_raw,shuffled,oracle_adam_10x,ceiling,0.342,0.257,0.293,1
raw77,wed21_raw,shuffled,oracle_adam_10x,clean500,0.444,0.015,0.028,1
raw77,wed21_raw,shuffled,oracle_adam_1x,aqt,0.478,0.474,0.476,1
raw77,wed21_raw,shuffled,oracle_adam_1x,budget_1pct,0.337,0.4,0.366,1
raw77,wed21_raw,shuffled,oracle_adam_1x,ceiling,0.766,0.436,0.556,1
raw77,wed21_raw,shuffled,oracle_adam_1x,clean500,0.992,0.017,0.034,1
raw77,wed21_raw,time_ordered,frozen,aqt,0.025,0.086,0.038,1
raw77,wed21_raw,time_ordered,frozen,budget_1pct,0.018,0.036,0.024,1
raw77,wed21_raw,time_ordered,frozen,ceiling,0.992,0.5,0.665,1
raw77,wed21_raw,time_ordered,frozen,clean500,0.992,0.331,0.496,1
raw77,wed21_raw,time_ordered,oracle_adam_10x,aqt,0.026,0.02,0.023,1
raw77,wed21_raw,time_ordered,oracle_adam_10x,budget_1pct,0.089,0.199,0.123,1
raw77,wed21_raw,time_ordered,oracle_adam_10x,ceiling,0.0,0.0,0.0,1
raw77,wed21_raw,time_ordered,oracle_adam_10x,clean500,0.0,0.0,0.0,1
raw77,wed21_raw,time_ordered,oracle_adam_1x,aqt,0.031,0.045,0.037,1
raw77,wed21_raw,time_ordered,oracle_adam_1x,budget_1pct,0.031,0.012,0.017,1
raw77,wed21_raw,time_ordered,oracle_adam_1x,ceiling,0.149,0.131,0.14,1
raw77,wed21_raw,time_ordered,oracle_adam_1x,clean500,0.75,0.008,0.016,1
