pool,day,sigma,auroc,tpr1,aqt_macro,base_macro,budget_macro,aqt_af1,base_af1,budget_af1,aqt_gain,budget_gain
multi77,tue20_18,0.0,0.6377392466329966,0.3333333333333333,0.657156420314514,0.6275797911732081,0.6599546983053493,0.3210477549785106,0.2681764392348187,0.3267512292194345,0.029576629141305988,0.032374907132141195
multi77,tue20_18,0.5,0.5589138888888888,0.06625000000000002,0.5249966229366302,0.4757290643577985,0.5261021241654611,0.059454163459614295,0.04048473043573342,0.06190360033667647,0.049267558578831694,0.0503730598076626
multi77,tue20_18,1.0,0.5220863846801347,0.029583333333333336,0.5094489286887205,0.43252072975997885,0.5090753724173347,0.02862346258938293,0.024419510731830085,0.0284505525989444,0.07692819892874164,0.07655464265735584
multi77,tue20_18,2.0,0.5050097853535355,0.017916666666666668,0.5040451532154459,0.3976290412467962,0.5031910972262851,0.01796360424118393,0.020216488106455113,0.01701700824417877,0.10641611196864964,0.10556205597948887
multi77,tue20_18,3.0,0.5001753998316497,0.01375,0.503052213035403,0.38199181842671637,0.5015802304428408,0.015969021032836768,0.01948330393614956,0.01387586606722563,0.12106039460868667,0.11958841201612447
multi77,tue20_18,5.0,0.4964817550505051,0.012083333333333335,0.5013034386460339,0.36735546648118445,0.5008891912707382,0.012547625424925818,0.019093133787410347,0.012610736880458414,0.13394797216484944,0.13353372478955372
multi77,tue20_18,8.0,0.49447361111111116,0.010416666666666666,0.5004846685761565,0.3584178585745476,0.4998288469329277,0.010914177952531542,0.019239557406857812,0.01063672253025596,0.14206681000160887,0.14141098835838006
multi77,wed14_18,0.0,0.8766255892255894,0.0004166666666666667,0.4952254212623058,0.49309773222510694,0.4951423638752382,0.0004329004329004329,0.0008846835283305757,0.00042844901456726646,0.0021276890371988433,0.0020446316501312456
multi77,wed14_18,0.5,0.6962489688552188,0.024583333333333336,0.5065291390399228,0.4656255639368762,0.5065542250446508,0.02280881619542278,0.04050670559647816,0.02360137339407563,0.0409035751030466,0.040928661107774544
multi77,wed14_18,1.0,0.6181682870370371,0.01833333333333333,0.5039343946362237,0.4231835342525849,0.5035040111174246,0.017684691337284293,0.029519553175883603,0.017796166533379783,0.08075086038363877,0.08032047686483967
multi77,wed14_18,2.0,0.5684753998316497,0.01375,0.500890160269356,0.38956849819851974,0.5010067714852388,0.011712513853814645,0.024563319698515777,0.012967201469838917,0.11132166207083621,0.11143827328671901
multi77,wed14_18,3.0,0.5494794823232323,0.010833333333333334,0.500275117967051,0.37576237692369546,0.5002295722403214,0.010469525467005672,0.02297131720670235,0.011438159376668559,0.12451274104335558,0.12446719531662592
multi77,wed14_18,5.0,0.533361047979798,0.010416666666666666,0.49877865844971625,0.36370164901606145,0.4996289846430389,0.007535830673596357,0.02190018994199383,0.01028583669254191,0.1350770094336548,0.13592733562697745
multi77,wed14_18,8.0,0.5239984006734005,0.009166666666666667,0.4981215604395239,0.35629051439432363,0.4990015505357382,0.006259752339294011,0.02118965457679166,0.009092580411826376,0.14183104604520025,0.14271103614141456
multi77,wed21_18,0.0,0.9884528829966329,0.9933333333333333,0.7266867733297421,0.4973632455248685,0.7047988924398357,0.4587323406552209,0.0,0.4153369452966759,0.22932352780487358,0.20743564691496724
multi77,wed21_18,0.5,0.7492259680134681,0.14791666666666667,0.5592974791163213,0.5326049618499538,0.563832208774282,0.1272805602387728,0.07734201016988514,0.13611086763838673,0.026692517266367566,0.03122724692432821
multi77,wed21_18,1.0,0.6550555345117846,0.07041666666666667,0.5281773136736021,0.5099100405169619,0.5295482515490342,0.065682271764249,0.06578091500675214,0.06844577395568856,0.01826727315664023,0.019638211032072306
multi77,wed21_18,2.0,0.589775505050505,0.025416666666666667,0.5080352889157412,0.4603379881627605,0.5083323241309867,0.025744883522541378,0.03365478401254227,0.02681542849236805,0.04769730075298073,0.04799433596822622
multi77,wed21_18,3.0,0.5636523358585859,0.016666666666666666,0.5027285537075131,0.432675026548857,0.5039184931821439,0.015234490807702063,0.027039655680660652,0.018269790356593638,0.07005352715865615,0.0712434666332869
multi77,wed21_18,5.0,0.5414453914141414,0.012083333333333335,0.5009932388916488,0.4030044053324473,0.5017926466421923,0.011823021395770107,0.02345539350215697,0.014300640557827876,0.09798883355920152,0.09878824130974495
multi77,wed21_18,8.0,0.5285719065656566,0.010833333333333334,0.499892257104719,0.38234190681102315,0.5010737903011483,0.009676101597902175,0.021689644744526712,0.012988393779113561,0.11755035029369587,0.11873188349012515
raw77,wed21_raw,0.0,0.9902440235690236,0.9933333333333332,0.7850442109886209,0.49748007170836095,0.8140515710799,0.5743005401170076,0.0,0.6318152327327683,0.2875641392802599,0.31657149937153906
raw77,wed21_raw,0.5,0.8551980850168349,0.4345833333333333,0.6366195302009894,0.5393205044283985,0.6502900077971884,0.28040557718301334,0.08568335339053396,0.3075665315222497,0.09729902577259086,0.11096950336878986
raw77,wed21_raw,1.0,0.7506402356902356,0.16541666666666668,0.5653406196686799,0.5194835710360766,0.5682319808928936,0.13924053010051204,0.07127691628643602,0.14516208056950197,0.045857048632603314,0.048748409856817054
raw77,wed21_raw,2.0,0.6470022727272727,0.057500000000000016,0.5213859505135859,0.48215012847070443,0.5232376742788253,0.05224908788317705,0.056413761018827856,0.056246431522241964,0.03923582204288151,0.04108754580812085
raw77,wed21_raw,3.0,0.6011325126262625,0.037083333333333336,0.5105377338401726,0.45018209946889337,0.5120643144520513,0.03078427827271273,0.03505508557751102,0.03426743582490096,0.060355634371279276,0.06188221498315788
raw77,wed21_raw,5.0,0.5599532407407408,0.01875,0.5041190793233669,0.417378518861448,0.5046775216872569,0.018102966018848834,0.025292304611501212,0.019843254853976706,0.08674056046191886,0.08729900282580888
raw77,wed21_raw,8.0,0.5354562500000001,0.015416666666666669,0.5026034027754875,0.39389936035226114,0.5023201502638079,0.01512445124359691,0.02219968655547286,0.015306791118046878,0.1087040424232264,0.1084207899115468
