kind,a,b,mean,lo,hi,seeds_positive,bonf_excludes_zero,n_seeds,n_comparisons
level,aqt,,0.7951972430676686,0.7654595745791554,0.8249349115561818,,,20,11
level,oracle_reset_3x,,0.8074472735040231,0.7737941633395601,0.8411003836684862,,,20,11
level,pseudo_reset_3x,,0.7687414466226415,0.7423093712415082,0.7951735220037749,,,20,11
level,benign_adam_3x,,0.7891192937414544,0.761198371547427,0.8170402159354818,,,20,11
level,oracle_reset_10x,,0.8248469869377612,0.7928022827846276,0.8568916910908947,,,20,11
level,pseudo_reset_10x,,0.7646599182214053,0.7335953342226805,0.7957245022201301,,,20,11
level,benign_adam_10x,,0.7984339647707153,0.7721329223413305,0.8247350072001001,,,20,11
level,pseudo_adam_1x,,0.7850116205294008,0.7625331212766433,0.8074901197821582,,,20,11
level,pseudo_adam_3x,,0.7774056961518446,0.7452163567523076,0.8095950355513817,,,20,11
level,pseudo_adam_10x,,0.673857343187621,0.6324117991343605,0.7153028872408815,,,20,11
level,pseudo_adam_30x,,0.5786852965831943,0.5352308029446372,0.6221397902217515,,,20,11
level,pseudo_adam_100x,,0.5090752229882503,0.49891210663261515,0.5192383393438854,,,20,11
diff,oracle_reset_3x,aqt,0.012250030436354397,-0.00015178249391190925,0.024651843366620706,13.0,False,20,11
diff,pseudo_reset_3x,aqt,-0.02645579644502714,-0.06323806716336973,0.010326474273315445,12.0,False,20,11
diff,benign_adam_3x,aqt,-0.0060779493262141495,-0.018851693675972944,0.006695795023544644,9.0,False,20,11
diff,oracle_reset_10x,aqt,0.02964974387009242,0.005970008387995131,0.05332947935218971,13.0,False,20,11
diff,pseudo_reset_10x,aqt,-0.030537324846263418,-0.06529045161184324,0.004215801919316406,6.0,False,20,11
diff,benign_adam_10x,aqt,0.0032367217030466744,-0.017570244487021026,0.024043687893114375,7.0,False,20,11
diff,pseudo_adam_1x,aqt,-0.01018562253826788,-0.032286362282605646,0.011915117206069886,11.0,False,20,11
diff,pseudo_adam_3x,aqt,-0.01779154691582408,-0.047933771980588145,0.012350678148939982,8.0,False,20,11
diff,pseudo_adam_10x,aqt,-0.1213398998800477,-0.16293198816070703,-0.07974781159938839,3.0,True,20,11
diff,pseudo_adam_30x,aqt,-0.2165119464844743,-0.2633574726632038,-0.16966642030574483,1.0,True,20,11
diff,pseudo_adam_100x,aqt,-0.2861220200794182,-0.3168467195075737,-0.25539732065126275,0.0,True,20,11
