mode,pool,variant,mean,lo,hi,n,pos
r9tune,nf,pseudo_adam_300x,0.0271,-0.0082,0.0623,6,3
r9tune,multi10,pseudo_adam_300x,-0.0134,-0.0539,0.0271,6,4
r9,multi10,pseudo_adam_300x,0.0011,-0.0039,0.0062,20,18
r9,nf,pseudo_adam_300x,0.01,-0.0011,0.0212,20,10
r9,nf,lab0.01_adam_3x,0.0173,0.0006,0.034,20,20
r9,nf,lab0.05_adam_3x,0.0612,0.0384,0.084,20,20
r9,nf,lab0.1_adam_3x,0.1375,0.1103,0.1648,20,20
r9,nf,lab0.25_adam_3x,0.2449,0.2254,0.2644,20,20
r9,nf,lab1.0_adam_3x,0.3296,0.321,0.3382,20,20
r9,nf,lab0.01_adam_10x,0.0336,0.0191,0.0482,20,19
r9,nf,lab0.05_adam_10x,0.1482,0.1227,0.1737,20,20
r9,nf,lab0.1_adam_10x,0.2109,0.1882,0.2335,20,20
r9,nf,lab0.25_adam_10x,0.2733,0.2566,0.2901,20,20
r9,nf,lab1.0_adam_10x,0.3295,0.3228,0.3363,20,20
