pool,day,rule,recall,precision,attack_f1,alert_rate
multi77,tue20_18,static_ceiling,0.3221862639338367,0.24447924170905536,0.27790804880757414,0.013123925815660978
multi77,tue20_18,src_q99,0.43671341244156786,0.15807284740162625,0.23042153658100947,0.028410602693820605
multi77,tue20_18,budget_1pct,0.3221862639338367,0.25834717658500594,0.28660830122507397,0.012415593381226673
multi77,tue20_18,aqt_W500,0.13448399856166846,0.13156285382175786,0.13299773544470525,0.010207897367304526
multi77,tue20_18,win_k50_c0.0,0.43024092053218266,0.17640288994948414,0.24552153820562791,0.02609144320036819
multi77,tue20_18,win_k50_c0.01,0.43024092053218266,0.17640288994948414,0.24552153820562791,0.02609144320036819
multi77,tue20_18,win_k50_c0.05,0.31715210355987045,0.41096526916979886,0.28594651480323713,0.01324078268936207
multi77,tue20_18,win_k100_c0.0,0.393383674937073,0.18184338760193922,0.24199935513984736,0.022702593863036555
multi77,tue20_18,win_k100_c0.01,0.3486156058971593,0.2665312015735587,0.2505844124495603,0.018157760375092584
multi77,tue20_18,win_k100_c0.05,0.23480762315713774,0.5148680109030261,0.2730441182654431,0.007660417520620744
multi77,tue20_18,win_k200_c0.0,0.43581445523193096,0.16736553991781628,0.24095681889594955,0.026362910706966104
multi77,tue20_18,win_k200_c0.01,0.39374325782092773,0.21126761229768287,0.2539415402533898,0.021812683824851322
multi77,tue20_18,win_k200_c0.05,0.19651204602660916,0.5600573012932141,0.26328941083679397,0.004852256955680683
multi77,tue20_18,win_k500_c0.0,0.3221862639338367,0.22811565763210517,0.2667717375576775,0.014073163189725226
multi77,tue20_18,win_k500_c0.01,0.3252427184466019,0.2665938898228025,0.29045284324964227,0.012656498320856614
multi77,tue20_18,win_k500_c0.05,0.20640057533261416,0.6313475623520184,0.3011967990502427,0.0033241286072818008
multi77,tue20_18,win_k1000_c0.0,0.3221862639338367,0.2665073858673883,0.2907249503264516,0.01206682055818034
multi77,tue20_18,win_k1000_c0.01,0.3221862639338367,0.3812613991174222,0.3468503845433232,0.008651004249994605
multi77,tue20_18,win_k1000_c0.05,0.20909744696152466,0.6331877549711353,0.3097480380694285,0.0033061506267124028
multi77,tue20_18,win_k2000_c0.0,0.339086659475009,0.21832241980890452,0.2647677717484824,0.015568931173099189
multi77,tue20_18,win_k2000_c0.01,0.3221862639338367,0.2806244228141431,0.2984688489540999,0.011617371043945376
multi77,tue20_18,win_k2000_c0.05,0.17871269327580006,0.645475400153484,0.2775465244506042,0.0027883847863137226
multi77,tue20_18,win_k5000_c0.0,0.37540453074433655,0.22349207897828474,0.28001463494203654,0.01683817660129873
multi77,tue20_18,win_k5000_c0.01,0.3221862639338367,0.28433395817090373,0.3015688727490591,0.011338712345119697
multi77,tue20_18,win_k5000_c0.05,0.18734268248831354,0.6673314842192722,0.29088738656613367,0.0028279363435664
multi77,wed14_18,static_ceiling,0.0,0.0,0.0,0.009897575611270132
multi77,wed14_18,src_q99,0.0017241379310344827,0.0008241938745370993,0.0011152082384969493,0.021479233483923627
multi77,wed14_18,budget_1pct,0.0,0.0,0.0,0.009805612074812337
multi77,wed14_18,aqt_W500,0.0007662835249042146,0.00077229107105046,0.0007692716441833428,0.010006782310813762
multi77,wed14_18,win_k50_c0.0,0.028927203065134095,0.004799279923751218,0.008159922017063479,0.04625957474528017
multi77,wed14_18,win_k50_c0.01,0.028927203065134095,0.004799279923751218,0.008159922017063479,0.04625957474528017
multi77,wed14_18,win_k50_c0.05,0.00632183908045977,0.0013259166541412,0.0021348577802729625,0.04287225115241808
multi77,wed14_18,win_k100_c0.0,0.0,0.0,0.0,0.00650642020438896
multi77,wed14_18,win_k100_c0.01,0.0,0.0,0.0,0.00650642020438896
multi77,wed14_18,win_k100_c0.05,0.0,0.0,0.0,0.00650642020438896
multi77,wed14_18,win_k200_c0.0,0.0,0.0,0.0,0.012920876872320125
multi77,wed14_18,win_k200_c0.01,0.0,0.0,0.0,0.012920876872320125
multi77,wed14_18,win_k200_c0.05,0.0,0.0,0.0,0.012920876872320125
multi77,wed14_18,win_k500_c0.0,0.0,0.0,0.0,0.013495648975181343
multi77,wed14_18,win_k500_c0.01,0.0,0.0,0.0,0.013495648975181343
multi77,wed14_18,win_k500_c0.05,0.0,0.0,0.0,0.013806025910726398
multi77,wed14_18,win_k1000_c0.0,0.0,0.0,0.0,0.013587612511639136
multi77,wed14_18,win_k1000_c0.01,0.0,0.0,0.0,0.013587612511639136
multi77,wed14_18,win_k1000_c0.05,0.0,0.0,0.0,0.013587612511639136
multi77,wed14_18,win_k2000_c0.0,0.0,0.0,0.0,0.010104493568300168
multi77,wed14_18,win_k2000_c0.01,0.0,0.0,0.0,0.010104493568300168
multi77,wed14_18,win_k2000_c0.05,0.0,0.0,0.0,0.011851800760998265
multi77,wed14_18,win_k5000_c0.0,0.0,0.0,0.0,0.009391776160752263
multi77,wed14_18,win_k5000_c0.01,0.0,0.0,0.0,0.009483739697210057
multi77,wed14_18,win_k5000_c0.05,0.0,0.0,0.0,0.010776976928647788
multi77,wed21_18,static_ceiling,0.9878552971576229,0.4981079490577711,0.6622747428560417,0.019797051206652844
multi77,wed21_18,src_q99,0.0,0.0,0.0,0.0005571547961742037
multi77,wed21_18,budget_1pct,0.018863049095607234,0.03429356014619031,0.024254627104523047,0.005666986514790396
multi77,wed21_18,aqt_W500,0.02661498708010336,0.02933563262480278,0.027871319936144705,0.009156942251937146
multi77,wed21_18,win_k50_c0.0,0.0,0.0,0.0,0.00038691305289875256
multi77,wed21_18,win_k50_c0.01,0.0,0.0,0.0,0.00038691305289875256
multi77,wed21_18,win_k50_c0.05,0.0,0.0,0.0,0.00038691305289875256
multi77,wed21_18,win_k100_c0.0,0.0,0.0,0.0,0.0010059739375367568
multi77,wed21_18,win_k100_c0.01,0.0,0.0,0.0,0.0010059739375367568
multi77,wed21_18,win_k100_c0.05,0.0,0.0,0.0,0.0010059739375367568
multi77,wed21_18,win_k200_c0.0,0.0,0.0,0.0,0.0010833565481165072
multi77,wed21_18,win_k200_c0.01,0.0,0.0,0.0,0.0010833565481165072
multi77,wed21_18,win_k200_c0.05,0.0,0.0,0.0,0.0010833565481165072
multi77,wed21_18,win_k500_c0.0,0.44754521963824284,0.25824117001860725,0.2883753684100462,0.015935658938723292
multi77,wed21_18,win_k500_c0.01,0.2418604651162791,0.30373576892731396,0.2677943232711053,0.007645401925279351
multi77,wed21_18,win_k500_c0.05,0.08733850129198967,0.3140310107488437,0.13559918594412806,0.0027728768791077264
multi77,wed21_18,win_k1000_c0.0,0.9878552971576229,0.2788145492638675,0.43397528406185193,0.035799775074545244
multi77,wed21_18,win_k1000_c0.01,0.5498708010335918,0.47762196987126493,0.5088685747039037,0.011153413604894708
multi77,wed21_18,win_k1000_c0.05,0.15219638242894057,0.3810600887759127,0.2104069295560547,0.0042844172057655205
multi77,wed21_18,win_k2000_c0.0,0.9878552971576229,0.1996154811393359,0.33185072910497415,0.04969769193466844
multi77,wed21_18,win_k2000_c0.01,0.7496124031007754,0.5667472852178241,0.6449973896332591,0.013147305537499614
multi77,wed21_18,win_k2000_c0.05,0.18527131782945735,0.3638913850248206,0.23743037750012638,0.005630874629853179
multi77,wed21_18,win_k5000_c0.0,0.9878552971576229,0.1179606401553473,0.21068751119908555,0.08388532928880223
multi77,wed21_18,win_k5000_c0.01,0.9059431524547803,0.6159218688164956,0.7329860436259388,0.014707854850857916
multi77,wed21_18,win_k5000_c0.05,0.18992248062015504,0.31587937320360043,0.2297675218838726,0.006574942478926135
raw77,wed21_raw,static_ceiling,0.9927238486560521,0.5004951110277244,0.6654793174239936,0.01982470820349865
raw77,wed21_raw,src_q99,0.0,0.0,0.0,1.540048973557359e-05
raw77,wed21_raw,budget_1pct,0.020801232665639446,0.1143391004694467,0.031634534451271915,0.003770553236926268
raw77,wed21_raw,aqt_W500,0.02593733949666153,0.096634575561095,0.04076914466698841,0.0026890966243837667
raw77,wed21_raw,win_k50_c0.0,0.0,0.0,0.0,0.00014373790419868683
raw77,wed21_raw,win_k50_c0.01,0.0,0.0,0.0,0.00014373790419868683
raw77,wed21_raw,win_k50_c0.05,0.0,0.0,0.0,0.00014373790419868683
raw77,wed21_raw,win_k100_c0.0,0.0,0.0,0.0,0.00015913839393426042
raw77,wed21_raw,win_k100_c0.01,0.0,0.0,0.0,0.00015913839393426042
raw77,wed21_raw,win_k100_c0.05,0.0,0.0,0.0,0.00015913839393426042
raw77,wed21_raw,win_k200_c0.0,0.0,0.0,0.0,0.00023100734603360388
raw77,wed21_raw,win_k200_c0.01,0.0,0.0,0.0,0.00023100734603360388
raw77,wed21_raw,win_k200_c0.05,0.0,0.0,0.0,0.00023100734603360388
raw77,wed21_raw,win_k500_c0.0,0.9927238486560521,0.4142350362838286,0.5637544001722379,0.028135839164129865
raw77,wed21_raw,win_k500_c0.01,0.21563088512241058,0.5909323772333702,0.3042862545742307,0.00403492831072028
raw77,wed21_raw,win_k500_c0.05,0.07789762027050162,0.6550220937263314,0.13709240075829446,0.0010660561228069275
raw77,wed21_raw,win_k1000_c0.0,0.9927238486560521,0.1292982670891178,0.22879316852265763,0.07675005176275716
raw77,wed21_raw,win_k1000_c0.01,0.5202020202020202,0.6094390682640376,0.5558322461800733,0.008820202704668233
raw77,wed21_raw,win_k1000_c0.05,0.15442561205273073,0.7456451702945293,0.24661099355225627,0.0024289994644051903
raw77,wed21_raw,win_k2000_c0.0,0.9927238486560521,0.1175138787170342,0.2100981891311603,0.08467103698342053
raw77,wed21_raw,win_k2000_c0.01,0.775808936825886,0.7035747725654413,0.7307411618040693,0.011382673080115058
raw77,wed21_raw,win_k2000_c0.05,0.157678479712378,0.7264065671688378,0.2499273237053341,0.002569315037551528
raw77,wed21_raw,win_k5000_c0.0,0.9927238486560521,0.10396366157153339,0.18817819419812548,0.09567212015119858
raw77,wed21_raw,win_k5000_c0.01,0.8755350111282314,0.7282123186538931,0.7887443184889011,0.012383704912927342
raw77,wed21_raw,win_k5000_c0.05,0.19534326313987332,0.5489769066375075,0.27183183009026934,0.004581645696333144
