a,b,mean_diff,ci95_lo,ci95_hi,seed_diffs,all_seeds_positive,pool,n,metric
aqt,base,0.0068700880581896665,0.000394154994733745,0.013467640221101468,"[0.0158, -0.0016, -0.0004, 0.0066, 0.0139]",False,paper10,5000,macro_f1
aqt,base,0.018020460369986228,0.005119067913950064,0.03119726102802002,"[0.0361, 0.0013, 0.0033, 0.0175, 0.0318]",True,paper10,5000,attack_f1
aqt,base,0.008522761433429359,0.0022441871795249586,0.014850935483970913,"[0.0177, 0.003, -0.0004, 0.0063, 0.0161]",False,paper10,10000,macro_f1
aqt,base,0.021548749961482306,0.009148528101718519,0.03417970244894689,"[0.04, 0.0107, 0.0036, 0.017, 0.0365]",True,paper10,10000,attack_f1
aqt,base,0.009419424663913625,0.0031175213528545514,0.016168811394059946,"[0.0198, 0.0018, 0.0022, 0.0074, 0.0159]",True,paper10,20000,macro_f1
aqt,base,0.023419316882166925,0.01082256662475984,0.03687305179257221,"[0.0441, 0.0085, 0.0089, 0.0193, 0.0363]",True,paper10,20000,attack_f1
oracle_reset,base,0.002209344624425517,-0.002969040794525179,0.00801803579619974,"[0.0015, -0.0047, 0.0054, 0.0105, -0.0017]",False,paper10,5000,macro_f1
oracle_reset,base,0.00711413045307456,-0.002864448051948052,0.018556613379692936,"[0.005, -0.006, 0.0128, 0.0237, 0.0]",False,paper10,5000,attack_f1
oracle_reset,base,0.0018682319688741362,-0.0007245096158075457,0.0053632074769847625,"[-0.0012, 0.0011, 0.0018, 0.0078, -0.0001]",False,paper10,10000,macro_f1
oracle_reset,base,0.007207946334310393,0.002143158033316673,0.014344605257598635,"[0.0008, 0.0061, 0.0066, 0.019, 0.0036]",True,paper10,10000,attack_f1
oracle_reset,base,0.0016219142929859728,-0.0004406433876489918,0.004622616912218155,"[-0.0009, 0.0005, 0.0012, 0.0072, -0.0]",False,paper10,20000,macro_f1
oracle_reset,base,0.007377668733627651,0.003281782776760537,0.013302603874727177,"[0.0022, 0.0054, 0.0062, 0.0186, 0.0044]",True,paper10,20000,attack_f1
pseudo_reset,base,0.004558877793463384,-0.001741594336713613,0.011088850014451887,"[0.0143, -0.0051, 0.0033, 0.0108, -0.0005]",False,paper10,5000,macro_f1
pseudo_reset,base,0.013017309747463977,0.0007548986256991193,0.025920334259774396,"[0.0322, -0.006, 0.0103, 0.0253, 0.0031]",False,paper10,5000,attack_f1
pseudo_reset,base,0.005195735620931914,0.0010230825723372054,0.010287420282542786,"[0.014, 0.0011, 0.0013, 0.0084, 0.0012]",True,paper10,10000,macro_f1
pseudo_reset,base,0.014814190216562545,0.006539118006908123,0.02495720179420048,"[0.0324, 0.007, 0.0069, 0.021, 0.0068]",True,paper10,10000,attack_f1
pseudo_reset,base,0.0066949607356000754,0.002196485727732678,0.012643101699432282,"[0.017, 0.0014, 0.0037, 0.0079, 0.0035]",True,paper10,20000,macro_f1
pseudo_reset,base,0.01804210749677623,0.009076780118739334,0.02996096645424554,"[0.0385, 0.0076, 0.012, 0.0203, 0.0118]",True,paper10,20000,attack_f1
unfreeze,base,-0.0005413271542454689,-0.002382699515071465,0.00011624095589473188,"[0.0, -0.003, 0.0002, 0.0001, 0.0]",False,paper10,5000,macro_f1
unfreeze,base,-0.0011904761904761906,-0.004761904761904762,0.0,"[0.0, -0.006, 0.0, 0.0, 0.0]",False,paper10,5000,attack_f1
unfreeze,base,-0.0008950436301769949,-0.002257307587560538,5.726223673956458e-05,"[-0.0017, -0.0015, -0.0013, 0.0001, 0.0]",False,paper10,10000,macro_f1
unfreeze,base,-0.001897953510011177,-0.0046134817563388995,0.0,"[-0.0034, -0.0031, -0.003, 0.0, 0.0]",False,paper10,10000,attack_f1
unfreeze,base,-0.0009091488729929857,-0.002093669524030631,3.459944014663242e-05,"[-0.0017, -0.0008, -0.0022, 0.0001, 0.0]",False,paper10,20000,macro_f1
unfreeze,base,-0.0019311753552903252,-0.004388273324851843,0.0,"[-0.0033, -0.0017, -0.0047, 0.0, 0.0]",False,paper10,20000,attack_f1
pseudo_reset,aqt,-0.0023112102647262823,-0.009212487927931804,0.003679213806837922,"[-0.0015, -0.0035, 0.0037, 0.0042, -0.0143]",False,paper10,5000,macro_f1
pseudo_reset,aqt,-0.005003150622522251,-0.01856557329285691,0.006901050536722486,"[-0.0039, -0.0073, 0.007, 0.0078, -0.0287]",False,paper10,5000,attack_f1
pseudo_reset,aqt,-0.0033270258124974434,-0.009335789583234682,0.0015510574819591592,"[-0.0037, -0.0018, 0.0017, 0.0021, -0.0149]",False,paper10,10000,macro_f1
pseudo_reset,aqt,-0.006734559744919758,-0.018710405695749135,0.002917072673193356,"[-0.0076, -0.0037, 0.0033, 0.0039, -0.0297]",False,paper10,10000,attack_f1
pseudo_reset,aqt,-0.002724463928313549,-0.007573236298786655,0.0010208806408537243,"[-0.0028, -0.0004, 0.0015, 0.0005, -0.0124]",False,paper10,20000,macro_f1
pseudo_reset,aqt,-0.005377209385390693,-0.015039606115669622,0.0020957470654681004,"[-0.0056, -0.0008, 0.0031, 0.001, -0.0245]",False,paper10,20000,attack_f1
oracle_reset,aqt,-0.004660743433764149,-0.012217068385059749,0.003290882277230739,"[-0.0144, -0.003, 0.0058, 0.0038, -0.0155]",False,paper10,5000,macro_f1
oracle_reset,aqt,-0.01090632991691167,-0.026255343754166036,0.004560843943773428,"[-0.0312, -0.0073, 0.0095, 0.0063, -0.0318]",False,paper10,5000,attack_f1
oracle_reset,aqt,-0.006654529464555222,-0.014537203187982684,0.0013423564450120453,"[-0.0189, -0.0019, 0.0023, 0.0015, -0.0162]",False,paper10,10000,macro_f1
oracle_reset,aqt,-0.014340803627171909,-0.03005546060323368,0.0014225778271115756,"[-0.0392, -0.0046, 0.003, 0.002, -0.0329]",False,paper10,10000,attack_f1
oracle_reset,aqt,-0.007797510370927652,-0.015549848525905728,-0.00036667714674436995,"[-0.0206, -0.0013, -0.001, -0.0001, -0.0159]",False,paper10,20000,macro_f1
oracle_reset,aqt,-0.016041648148539273,-0.03156842003487922,-0.001304035931743714,"[-0.0419, -0.003, -0.0027, -0.0007, -0.0319]",False,paper10,20000,attack_f1
pseudo_reset,oracle_reset,0.002349533169037867,-0.0013389852970976843,0.008209590351688853,"[0.0128, -0.0005, -0.0021, 0.0003, 0.0012]",False,paper10,5000,macro_f1
pseudo_reset,oracle_reset,0.005903179294389418,-0.0013523438545990087,0.017803334268809274,"[0.0273, 0.0, -0.0025, 0.0016, 0.0031]",False,paper10,5000,attack_f1
pseudo_reset,oracle_reset,0.0033275036520577783,-0.00036286001879056346,0.009482654331245018,"[0.0152, 0.0001, -0.0006, 0.0006, 0.0013]",False,paper10,10000,macro_f1
pseudo_reset,oracle_reset,0.007606243882252154,0.00031647687458822226,0.020117900266141527,"[0.0317, 0.0009, 0.0003, 0.002, 0.0032]",True,paper10,10000,attack_f1
pseudo_reset,oracle_reset,0.005073046442614102,0.0007321688723581908,0.011823627684923366,"[0.0178, 0.0008, 0.0025, 0.0006, 0.0035]",True,paper10,20000,macro_f1
pseudo_reset,oracle_reset,0.010664438763148577,0.0019080044836171596,0.024212494437627387,"[0.0363, 0.0022, 0.0058, 0.0017, 0.0074]",True,paper10,20000,attack_f1
aqt,base,0.01081516951663075,-0.0009098706906244353,0.03288090881533966,"[0.0035, -0.0016, -0.0003, 0.0507, 0.0018]",False,paper10_nodedup,5000,macro_f1
aqt,base,0.023879861671462554,0.0007065217391304358,0.0677900755165881,"[0.0074, 0.0, 0.0, 0.1045, 0.0075]",False,paper10_nodedup,5000,attack_f1
aqt,base,0.010993666929867914,-0.0012576155847467158,0.03372829543487193,"[0.0048, -0.0024, -0.0004, 0.0522, 0.0007]",False,paper10_nodedup,10000,macro_f1
aqt,base,0.024387583690243,0.00012094745681623044,0.06987016590869968,"[0.0101, -0.0012, 0.0, 0.1076, 0.0054]",False,paper10_nodedup,10000,attack_f1
aqt,base,0.00913628920464688,-0.0015972495788695554,0.028546456845830816,"[0.0028, -0.0025, -0.0005, 0.0465, -0.0006]",False,paper10_nodedup,20000,macro_f1
aqt,base,0.020766000691845376,-0.0001716039257316378,0.05972993516982067,"[0.0061, -0.0013, 0.0, 0.0963, 0.0027]",False,paper10_nodedup,20000,attack_f1
oracle_reset,base,0.023700634810200055,0.0016722709817135588,0.052619661953790954,"[0.0134, -0.0015, 0.0342, 0.0705, 0.002]",False,paper10_nodedup,5000,macro_f1
oracle_reset,base,0.049253574870115294,0.005589041537667699,0.10662667243742281,"[0.0288, 0.0, 0.0693, 0.1428, 0.0054]",False,paper10_nodedup,5000,attack_f1
oracle_reset,base,0.02952161649156846,0.0051907787249917976,0.05628117653763473,"[0.0333, -0.0025, 0.0501, 0.0659, 0.0007]",False,paper10_nodedup,10000,macro_f1
oracle_reset,base,0.061802144300413225,0.013615236714587635,0.11483981092730394,"[0.0697, -0.0012, 0.1021, 0.1342, 0.0042]",False,paper10_nodedup,10000,attack_f1
oracle_reset,base,0.030600080993524435,0.0065791410581255245,0.05490817554912098,"[0.0439, -0.0024, 0.0524, 0.06, -0.001]",False,paper10_nodedup,20000,macro_f1
oracle_reset,base,0.06464076387415985,0.01716920837333203,0.11281187192052065,"[0.0913, -0.0005, 0.1076, 0.123, 0.0018]",False,paper10_nodedup,20000,attack_f1
pseudo_reset,base,0.017974680579613135,0.0028334132252428074,0.04521760882515094,"[-0.0, 0.0068, 0.0071, 0.0671, 0.0088]",False,paper10_nodedup,5000,macro_f1
pseudo_reset,base,0.048115620311168956,0.013644489488248906,0.09519302176315467,"[0.0, 0.0391, 0.0176, 0.1367, 0.0472]",False,paper10_nodedup,5000,attack_f1
pseudo_reset,base,0.017051804331252158,0.00803768495378484,0.031106897634197814,"[0.0064, 0.0099, 0.015, 0.0415, 0.0125]",True,paper10_nodedup,10000,macro_f1
pseudo_reset,base,0.05244150201159092,0.03443274047542008,0.07647524351879792,"[0.0293, 0.0432, 0.0481, 0.093, 0.0485]",True,paper10_nodedup,10000,attack_f1
pseudo_reset,base,0.018123098264048645,0.011174015969025633,0.02962743952591477,"[0.0101, 0.0126, 0.0154, 0.0377, 0.0149]",True,paper10_nodedup,20000,macro_f1
pseudo_reset,base,0.04571652956153548,0.03277955111680606,0.06609882851453781,"[0.0299, 0.0366, 0.0398, 0.0811, 0.0412]",True,paper10_nodedup,20000,attack_f1
unfreeze,base,0.00012295543376485049,4.7093857930581894e-05,0.00021222666574817803,"[0.0, 0.0002, 0.0, 0.0002, 0.0002]",True,paper10_nodedup,5000,macro_f1
unfreeze,base,0.0,0.0,0.0,"[0.0, 0.0, 0.0, 0.0, 0.0]",False,paper10_nodedup,5000,attack_f1
unfreeze,base,-0.00017222745245337363,-0.0013918009334945838,0.00020374252574935443,"[0.0, -0.0014, 0.0, 0.0002, 0.0002]",False,paper10_nodedup,10000,macro_f1
unfreeze,base,-0.0006172839506172839,-0.0030864197530864196,0.0,"[0.0, -0.0031, 0.0, 0.0, 0.0]",False,paper10_nodedup,10000,attack_f1
unfreeze,base,-0.00017112574215725576,-0.000967178472742109,0.00019879957832237747,"[0.0, -0.0014, 0.0001, 0.0002, 0.0002]",False,paper10_nodedup,20000,macro_f1
unfreeze,base,-0.00062015503875969,-0.0021705426356589145,0.0,"[0.0, -0.0031, 0.0, 0.0, 0.0]",False,paper10_nodedup,20000,attack_f1
pseudo_reset,aqt,0.007159511062982388,0.0008529065858043298,0.014209500896900738,"[-0.0035, 0.0085, 0.0074, 0.0164, 0.007]",False,paper10_nodedup,5000,macro_f1
pseudo_reset,aqt,0.024235758639706402,0.00626085133460788,0.040243480824495796,"[-0.0074, 0.0391, 0.0176, 0.0322, 0.0397]",False,paper10_nodedup,5000,attack_f1
pseudo_reset,aqt,0.006058137401384245,-0.006005546828109686,0.013533340526634656,"[0.0016, 0.0122, 0.0154, -0.0107, 0.0118]",False,paper10_nodedup,10000,macro_f1
pseudo_reset,aqt,0.028053918321347925,0.0014942384980997459,0.04565147171631697,"[0.0192, 0.0444, 0.0481, -0.0146, 0.0431]",False,paper10_nodedup,10000,attack_f1
pseudo_reset,aqt,0.008986809059401763,-0.0022069538948261917,0.016311036868616152,"[0.0073, 0.015, 0.0159, -0.0088, 0.0156]",False,paper10_nodedup,20000,macro_f1
pseudo_reset,aqt,0.024950528869690094,0.001085867648992823,0.04036522501664515,"[0.0238, 0.0379, 0.0398, -0.0153, 0.0385]",False,paper10_nodedup,20000,attack_f1
oracle_reset,aqt,0.012885465293569303,0.001733438190379468,0.02508262950829394,"[0.0099, 0.0001, 0.0345, 0.0198, 0.0001]",True,paper10_nodedup,5000,macro_f1
oracle_reset,aqt,0.025373713198652743,0.002702610236262961,0.05059669829214889,"[0.0214, 0.0, 0.0693, 0.0383, -0.0021]",False,paper10_nodedup,5000,attack_f1
oracle_reset,aqt,0.018527949561700546,0.0020219915249980974,0.03503718831294809,"[0.0285, -0.0001, 0.0506, 0.0137, 0.0]",False,paper10_nodedup,10000,macro_f1
oracle_reset,aqt,0.03741456061017024,0.003765825629611144,0.07123843541713996,"[0.0596, -0.0001, 0.1021, 0.0266, -0.0012]",False,paper10_nodedup,10000,attack_f1
oracle_reset,aqt,0.021463791788877546,0.0022211126193894815,0.03920633053190122,"[0.0411, 0.0001, 0.0529, 0.0136, -0.0003]",False,paper10_nodedup,20000,macro_f1
oracle_reset,aqt,0.04387476318231447,0.004647423992472003,0.08046836505924458,"[0.0852, 0.0008, 0.1076, 0.0266, -0.0009]",False,paper10_nodedup,20000,attack_f1
pseudo_reset,oracle_reset,-0.005725954230586916,-0.017368459641443484,0.005771040742731037,"[-0.0134, 0.0083, -0.0271, -0.0033, 0.0069]",False,paper10_nodedup,5000,macro_f1
pseudo_reset,oracle_reset,-0.0011379545589463352,-0.03150686188095224,0.033035236247018214,"[-0.0288, 0.0391, -0.0516, -0.0061, 0.0418]",False,paper10_nodedup,5000,attack_f1
pseudo_reset,oracle_reset,-0.012469812160316302,-0.030029719418770945,0.005275848477239716,"[-0.027, 0.0124, -0.0352, -0.0244, 0.0118]",False,paper10_nodedup,10000,macro_f1
pseudo_reset,oracle_reset,-0.00936064228882231,-0.04867738333064662,0.029321156715695268,"[-0.0404, 0.0445, -0.054, -0.0412, 0.0443]",False,paper10_nodedup,10000,attack_f1
pseudo_reset,oracle_reset,-0.012476982729475785,-0.03268368788453695,0.008105695303624486,"[-0.0339, 0.015, -0.037, -0.0224, 0.0159]",False,paper10_nodedup,20000,macro_f1
pseudo_reset,oracle_reset,-0.01892423431262437,-0.06003778882439304,0.02275672908554088,"[-0.0614, 0.0371, -0.0679, -0.0419, 0.0394]",False,paper10_nodedup,20000,attack_f1
