pool,n,metric,variant,mean,ci95_lo,ci95_hi,seed_min,seed_max,units
paper10,1000,macro_f1,aqt,0.5097751340202753,0.49610909137018255,0.528509301677913,0.495839969657692,0.5314900158849837,30
paper10,1000,macro_f1,base,0.5003816970406139,0.4972340637338133,0.509154635804623,0.4971920487321602,0.5120051971142817,30
paper10,1000,macro_f1,oracle_reset,0.4973684018229988,0.4970652935200265,0.4976714331897371,0.4971497723469837,0.4975711030355509,30
paper10,1000,macro_f1,pseudo_reset,0.5008527720658352,0.4967954454406245,0.5126001389889273,0.49664358737354525,0.5159628774737869,30
paper10,1000,macro_f1,unfreeze,0.49766301372567057,0.4973186035363502,0.4980577531046839,0.4973183724138421,0.4980746218746758,30
paper10,1000,attack_f1,aqt,0.0267390289449113,0.0,0.06318452380952373,0.0,0.06944444444444443,30
paper10,1000,attack_f1,base,0.005555555555555556,0.0,0.022222222222222223,0.0,0.02777777777777778,30
paper10,1000,attack_f1,oracle_reset,0.0,0.0,0.0,0.0,0.0,30
paper10,1000,attack_f1,pseudo_reset,0.007407407407407408,0.0,0.02981481481481465,0.0,0.03703703703703704,30
paper10,1000,attack_f1,unfreeze,0.0,0.0,0.0,0.0,0.0,30
paper10,1000,recall,aqt,0.022671957671957673,0.0,0.05376984126984125,0.0,0.05714285714285714,30
paper10,1000,recall,base,0.0030303030303030303,0.0,0.012121212121212121,0.0,0.015151515151515152,30
paper10,1000,recall,oracle_reset,0.0,0.0,0.0,0.0,0.0,30
paper10,1000,recall,pseudo_reset,0.0047619047619047615,0.0,0.019166666666666558,0.0,0.023809523809523808,30
paper10,1000,recall,unfreeze,0.0,0.0,0.0,0.0,0.0,30
paper10,1000,precision,aqt,0.03396825396825397,0.0,0.08099999999999995,0.0,0.08888888888888889,30
paper10,1000,precision,base,0.03333333333333333,0.0,0.13333333333333333,0.0,0.16666666666666666,30
paper10,1000,precision,oracle_reset,0.0,0.0,0.0,0.0,0.0,30
paper10,1000,precision,pseudo_reset,0.016666666666666666,0.0,0.06708333333333295,0.0,0.08333333333333333,30
paper10,1000,precision,unfreeze,0.0,0.0,0.0,0.0,0.0,30
paper10,1000,alert_rate,aqt,0.005300000000000001,0.004633333333333335,0.0061666666666666675,0.004666666666666667,0.005833333333333334,30
paper10,1000,alert_rate,base,0.00030000000000000003,6.666666666666667e-05,0.0005666666666666667,0.0,0.0005,30
paper10,1000,alert_rate,oracle_reset,0.0011666666666666668,0.0005333333333333334,0.0018674999999999996,0.0003333333333333333,0.002166666666666667,30
paper10,1000,alert_rate,pseudo_reset,0.0021000000000000003,0.0014333333333333338,0.0028008333333333336,0.0011666666666666668,0.0030000000000000005,30
paper10,1000,alert_rate,unfreeze,0.0,0.0,0.0,0.0,0.0,30
paper10,5000,macro_f1,aqt,0.504880165342344,0.49919692647246483,0.5109793571892104,0.49691323796646647,0.5130966899999901,30
paper10,5000,macro_f1,base,0.4980100772841544,0.4972462981041881,0.4999175141059939,0.49726845035099415,0.5006317270251371,30
paper10,5000,macro_f1,oracle_reset,0.50021942190858,0.4960026629010273,0.505459421984057,0.49588271907118736,0.5077689660188957,30
paper10,5000,macro_f1,pseudo_reset,0.5025689550776178,0.4970030444753647,0.5086182297485249,0.4954844555885831,0.511547421256748,30
paper10,5000,macro_f1,unfreeze,0.49746875012990904,0.49730879781542536,0.4976051483364941,0.49726845035099415,0.497647202632492,30
paper10,5000,attack_f1,aqt,0.019210936560462417,0.007782857305796043,0.03145369398458297,0.0033333333333333327,0.03614517726072406,30
paper10,5000,attack_f1,base,0.0011904761904761906,0.0,0.004761904761904762,0.0,0.005952380952380953,30
paper10,5000,attack_f1,oracle_reset,0.008304606643550752,0.0,0.018608700269157178,0.0,0.023723233514968977,30
paper10,5000,attack_f1,pseudo_reset,0.014207785937940167,0.0031446540880503146,0.026289506322109843,0.0,0.032247334706516216,30
paper10,5000,attack_f1,unfreeze,0.0,0.0,0.0,0.0,0.0,30
paper10,5000,recall,aqt,0.018290046987719556,0.007468284478175585,0.02981569789776678,0.0029239766081871343,0.034309903049872685,30
paper10,5000,recall,base,0.0006060606060606061,0.0,0.0024242424242424242,0.0,0.0030303030303030303,30
paper10,5000,recall,oracle_reset,0.006322037600319513,0.0,0.0149569467183351,0.0,0.019180038553904252,30
paper10,5000,recall,pseudo_reset,0.012502775193479133,0.002824858757062147,0.023190741964952945,0.0,0.028078829208735955,30
paper10,5000,recall,unfreeze,0.0,0.0,0.0,0.0,0.0,30
paper10,5000,precision,aqt,0.020397565547771102,0.008251262363685187,0.03351258647556664,0.003875968992248062,0.03829413909397502,30
paper10,5000,precision,base,0.03333333333333333,0.0,0.13333333333333333,0.0,0.16666666666666666,30
paper10,5000,precision,oracle_reset,0.01257984198631522,0.0,0.027419251381439393,0.0,0.03135615792816604,30
paper10,5000,precision,pseudo_reset,0.016535003350245017,0.0035460992907801418,0.030712139576210044,0.0,0.03807425200385764,30
paper10,5000,precision,unfreeze,0.0,0.0,0.0,0.0,0.0,30
paper10,5000,alert_rate,aqt,0.00902,0.008713333333333333,0.009359999999999999,0.008766666666666667,0.009566666666666666,30
paper10,5000,alert_rate,base,0.00022666666666666668,2.6666666666666667e-05,0.00046033333333333305,0.0,0.0007,30
paper10,5000,alert_rate,oracle_reset,0.005666666666666666,0.004699333333333332,0.0065805,0.0041,0.006666666666666667,30
paper10,5000,alert_rate,pseudo_reset,0.008166666666666666,0.007866666666666668,0.008453666666666665,0.007866666666666666,0.008533333333333332,30
paper10,5000,alert_rate,unfreeze,0.0,0.0,0.0,0.0,0.0,30
paper10,10000,macro_f1,aqt,0.5068866846848016,0.5005564194990162,0.512953324905366,0.49828470046883644,0.516915193906034,30
paper10,10000,macro_f1,base,0.4983639232513723,0.49739470470237196,0.49972365233415034,0.49736531592774647,0.49918804237035636,30
paper10,10000,macro_f1,oracle_reset,0.5002321552202464,0.49775054900286186,0.5032660182318667,0.49734791870874945,0.50513842779739,30
paper10,10000,macro_f1,pseudo_reset,0.5035596588723041,0.49927670592198453,0.5087900923114639,0.49864370365964544,0.5131913359371444,30
paper10,10000,macro_f1,unfreeze,0.4974688796211953,0.49739730033536605,0.4975328635856832,0.49739058729542673,0.4975336834661907,30
paper10,10000,attack_f1,aqt,0.023446703471493482,0.011065491513592273,0.03543923120939771,0.0065946839794526506,0.04339177640635935,30
paper10,10000,attack_f1,base,0.001897953510011177,0.0,0.0046134817563388995,0.0,0.0034013605442176874,30
paper10,10000,attack_f1,oracle_reset,0.00910589984432157,0.00420043811425907,0.015200298621442931,0.0036337353214915147,0.0189954560616467,30
paper10,10000,attack_f1,pseudo_reset,0.01671214372657372,0.008092212614842824,0.02705511781848475,0.006785806785806786,0.03583289154047319,30
paper10,10000,attack_f1,unfreeze,0.0,0.0,0.0,0.0,0.0,30
paper10,10000,recall,aqt,0.022898132314177252,0.010561192563540192,0.03455368972841659,0.006249583921626831,0.042833926486128694,30
paper10,10000,recall,base,0.0009759091824617463,0.0,0.002365462249357755,0.0,0.001718213058419244,30
paper10,10000,recall,oracle_reset,0.007845662375514654,0.0036523429633492604,0.01298277181006374,0.003236551030668678,0.016397163373736114,30
paper10,10000,recall,pseudo_reset,0.016020028053788386,0.007804360961876275,0.026113449513329764,0.006473102061337356,0.03474433234978555,30
paper10,10000,recall,unfreeze,0.0,0.0,0.0,0.0,0.0,30
paper10,10000,precision,aqt,0.02407368174346013,0.011361337014254754,0.036629933385444464,0.006998428579971399,0.044013211243804785,30
paper10,10000,precision,base,0.07142857142857142,0.0,0.20011904761904753,0.0,0.16666666666666666,30
paper10,10000,precision,oracle_reset,0.010896967821937916,0.004890731030594568,0.018269131859470822,0.004142224966553463,0.022609582365350208,30
paper10,10000,precision,pseudo_reset,0.017500134809291,0.008508988129016608,0.028079448807918614,0.007130328681461145,0.037016622101134634,30
paper10,10000,precision,unfreeze,0.0,0.0,0.0,0.0,0.0,30
paper10,10000,alert_rate,aqt,0.009543333333333332,0.009323333333333333,0.009750166666666666,0.009233333333333333,0.009783333333333333,30
paper10,10000,alert_rate,base,0.0002333333333333333,2.6666666666666667e-05,0.0004902499999999997,1.6666666666666667e-05,0.0007333333333333333,30
paper10,10000,alert_rate,oracle_reset,0.007220000000000001,0.0066728333333333344,0.007810166666666667,0.006366666666666666,0.007883333333333334,30
paper10,10000,alert_rate,pseudo_reset,0.009253333333333332,0.00897,0.009489999999999998,0.008866666666666667,0.009550000000000001,30
paper10,10000,alert_rate,unfreeze,0.0,0.0,0.0,0.0,0.0,30
paper10,20000,macro_f1,aqt,0.5078160107228362,0.5015470162437018,0.5140725090168918,0.5001451426986327,0.5189056392627416,30
paper10,20000,macro_f1,base,0.4983965860589226,0.497452837745783,0.4995811067099602,0.49740324857396323,0.4996509169887234,30
paper10,20000,macro_f1,oracle_reset,0.5000185003519086,0.4975614989602561,0.5028412139619935,0.4974455367881439,0.5046455717437829,30
paper10,20000,macro_f1,pseudo_reset,0.5050915467945226,0.5002439915543582,0.5114924372097656,0.4997065934047578,0.5161090207358269,30
paper10,20000,macro_f1,unfreeze,0.49748743718592964,0.49748743718592964,0.49748743718592964,0.49748743718592964,0.49748743718592964,30
paper10,20000,attack_f1,aqt,0.025350492237457254,0.012867412941687214,0.037747392660728754,0.010116055774946541,0.04743249780069842,30
paper10,20000,attack_f1,base,0.0019311753552903252,0.0,0.004388273324851843,0.0,0.004680752398342173,30
paper10,20000,attack_f1,oracle_reset,0.009308844088917976,0.004481052562717074,0.014951699147306584,0.004355235042735043,0.01860792821982815,30
paper10,20000,attack_f1,pseudo_reset,0.01997328285206656,0.010365846190234888,0.032659797323353175,0.009272856772856773,0.041842940739222075,30
paper10,20000,attack_f1,unfreeze,0.0,0.0,0.0,0.0,0.0,30
paper10,20000,recall,aqt,0.02516666666666667,0.01266666666666667,0.037504166666666665,0.01,0.04750000000000001,30
paper10,20000,recall,base,0.001,0.0,0.0023333333333333335,0.0,0.0025,30
paper10,20000,recall,oracle_reset,0.008666666666666666,0.0041666666666666675,0.014000000000000002,0.004166666666666667,0.017499999999999998,30
paper10,20000,recall,pseudo_reset,0.019833333333333335,0.010325000000000003,0.03250416666666667,0.009166666666666667,0.041666666666666664,30
paper10,20000,recall,unfreeze,0.0,0.0,0.0,0.0,0.0,30
paper10,20000,precision,aqt,0.025546773976064505,0.013079205103245476,0.03794731639377915,0.010239833769655654,0.047375895201343714,30
paper10,20000,precision,base,0.10751633986928105,0.0,0.3,0.0,0.3333333333333333,30
paper10,20000,precision,oracle_reset,0.010064308648744694,0.004806674456734585,0.016049614964803626,0.004564944971123461,0.019866486712933038,30
paper10,20000,precision,pseudo_reset,0.0201208622749152,0.0104103987861087,0.0328243958117506,0.00938327962764053,0.04203041263878879,30
paper10,20000,precision,unfreeze,0.0,0.0,0.0,0.0,0.0,30
paper10,20000,alert_rate,aqt,0.009748333333333333,0.009601625,0.009908333333333333,0.009625,0.01,30
paper10,20000,alert_rate,base,0.00024333333333333333,2.1625000000000004e-05,0.0005033333333333333,8.333333333333334e-06,0.0007499999999999999,30
paper10,20000,alert_rate,oracle_reset,0.008545,0.008238333333333334,0.008810250000000002,0.008016666666666667,0.008833333333333334,30
paper10,20000,alert_rate,pseudo_reset,0.009783333333333333,0.009604874999999999,0.009933375000000001,0.009583333333333334,0.010016666666666667,30
paper10,20000,alert_rate,unfreeze,0.0,0.0,0.0,0.0,0.0,30
paper10_nodedup,1000,macro_f1,aqt,0.5016320120087567,0.4964908751153767,0.5143318429366514,0.49634687659702764,0.5208702247878191,30
paper10_nodedup,1000,macro_f1,base,0.49748692099525404,0.4972590678519426,0.4977224798474881,0.4972758395578567,0.4977393652258835,30
paper10_nodedup,1000,macro_f1,oracle_reset,0.5042037878434406,0.4972844530747261,0.521063964067022,0.4972758395578567,0.5311144284953958,30
paper10_nodedup,1000,macro_f1,pseudo_reset,0.5033503667421708,0.49723403609455186,0.5193828403808318,0.4972758395578567,0.5270998856922393,30
paper10_nodedup,1000,macro_f1,unfreeze,0.497596265693927,0.4973093233759893,0.4978741561692197,0.4972758395578567,0.49782345367347625,30
paper10_nodedup,1000,attack_f1,aqt,0.009572649572649573,0.0,0.034547008547008526,0.0,0.04786324786324786,30
paper10_nodedup,1000,attack_f1,base,0.0,0.0,0.0,0.0,0.0,30
paper10_nodedup,1000,attack_f1,oracle_reset,0.013333333333333332,0.0,0.04666666666666666,0.0,0.06666666666666667,30
paper10_nodedup,1000,attack_f1,pseudo_reset,0.011794871794871794,0.0,0.04362820512820508,0.0,0.058974358974358966,30
paper10_nodedup,1000,attack_f1,unfreeze,0.0,0.0,0.0,0.0,0.0,30
paper10_nodedup,1000,recall,aqt,0.007407407407407407,0.0,0.02592592592592593,0.0,0.037037037037037035,30
paper10_nodedup,1000,recall,base,0.0,0.0,0.0,0.0,0.0,30
paper10_nodedup,1000,recall,oracle_reset,0.007407407407407407,0.0,0.02592592592592593,0.0,0.037037037037037035,30
paper10_nodedup,1000,recall,pseudo_reset,0.007407407407407407,0.0,0.02592592592592593,0.0,0.037037037037037035,30
paper10_nodedup,1000,recall,unfreeze,0.0,0.0,0.0,0.0,0.0,30
paper10_nodedup,1000,precision,aqt,0.013888888888888888,0.0,0.05277777777777777,0.0,0.06944444444444443,30
paper10_nodedup,1000,precision,base,0.0,0.0,0.0,0.0,0.0,30
paper10_nodedup,1000,precision,oracle_reset,0.06666666666666667,0.0,0.23333333333333334,0.0,0.3333333333333333,30
paper10_nodedup,1000,precision,pseudo_reset,0.041666666666666664,0.0,0.15833333333333333,0.0,0.20833333333333334,30
paper10_nodedup,1000,precision,unfreeze,0.0,0.0,0.0,0.0,0.0,30
paper10_nodedup,1000,alert_rate,aqt,0.0031666666666666675,0.0013333333333333335,0.005066666666666667,0.0003333333333333333,0.005833333333333334,30
paper10_nodedup,1000,alert_rate,base,0.0005000000000000001,0.00013250000000000005,0.0009008333333333327,0.0,0.001,30
paper10_nodedup,1000,alert_rate,oracle_reset,0.00043333333333333337,0.0,0.0010674999999999994,0.0,0.0015000000000000002,30
paper10_nodedup,1000,alert_rate,pseudo_reset,0.0007666666666666667,0.00013333333333333334,0.0015341666666666663,0.0,0.0018333333333333333,30
paper10_nodedup,1000,alert_rate,unfreeze,6.666666666666667e-05,0.0,0.0002,0.0,0.00016666666666666666,30
paper10_nodedup,5000,macro_f1,aqt,0.5082215738163496,0.4963756639107491,0.5303138574599314,0.4956370831877575,0.5479979736120949,30
paper10_nodedup,5000,macro_f1,base,0.49740640429971894,0.49721949959067213,0.497591709400723,0.4972599660740209,0.49768922908425517,30
paper10_nodedup,5000,macro_f1,oracle_reset,0.5211070391099188,0.4989776849838645,0.5500267725367938,0.49577275356333916,0.567761414682212,30
paper10_nodedup,5000,macro_f1,pseudo_reset,0.515381084879332,0.5003691592525951,0.5425530538530214,0.4976472195251826,0.5644138260246222,30
paper10_nodedup,5000,macro_f1,unfreeze,0.4975293597334838,0.497396321783825,0.4976538667793918,0.49742837639055515,0.4977060603142334,30
paper10_nodedup,5000,attack_f1,aqt,0.023879861671462554,0.0007065217391304358,0.0677900755165881,0.0,0.10449274355186021,30
paper10_nodedup,5000,attack_f1,base,0.0,0.0,0.0,0.0,0.0,30
paper10_nodedup,5000,attack_f1,oracle_reset,0.049253574870115294,0.005589041537667699,0.10662667243742281,0.0,0.14280143346979382,30
paper10_nodedup,5000,attack_f1,pseudo_reset,0.048115620311168956,0.013644489488248906,0.09519302176315467,0.0,0.13666628948190737,30
paper10_nodedup,5000,attack_f1,unfreeze,0.0,0.0,0.0,0.0,0.0,30
paper10_nodedup,5000,recall,aqt,0.021697548106464033,0.0006372549019607852,0.0626086535483705,0.0,0.09764009398015923,30
paper10_nodedup,5000,recall,base,0.0,0.0,0.0,0.0,0.0,30
paper10_nodedup,5000,recall,oracle_reset,0.03803809040935712,0.00401022126022126,0.08544270248208075,0.0,0.12026452836929952,30
paper10_nodedup,5000,recall,pseudo_reset,0.09180999362070115,0.02946978545041205,0.16174762813854793,0.0,0.17125580443994767,30
paper10_nodedup,5000,recall,unfreeze,0.0,0.0,0.0,0.0,0.0,30
paper10_nodedup,5000,precision,aqt,0.04095646757353398,0.0007926829268292694,0.10017961786589516,0.0,0.11331892323352354,30
paper10_nodedup,5000,precision,base,0.0,0.0,0.0,0.0,0.0,30
paper10_nodedup,5000,precision,oracle_reset,0.07831003211691649,0.009782046657046656,0.15233640124583145,0.0,0.17600323283435237,30
paper10_nodedup,5000,precision,pseudo_reset,0.04419461796962601,0.009095269079081312,0.10662262298192482,0.0,0.15555261723733055,30
paper10_nodedup,5000,precision,unfreeze,0.0,0.0,0.0,0.0,0.0,30
paper10_nodedup,5000,alert_rate,aqt,0.005373333333333335,0.002492666666666666,0.008330166666666665,0.0009666666666666666,0.0089,30
paper10_nodedup,5000,alert_rate,base,0.0005,0.00018649999999999998,0.000860333333333333,6.666666666666667e-05,0.0009333333333333333,30
paper10_nodedup,5000,alert_rate,oracle_reset,0.004913333333333334,0.0036531666666666665,0.006406833333333334,0.0026999999999999997,0.006966666666666666,30
paper10_nodedup,5000,alert_rate,pseudo_reset,0.025679999999999998,0.004664166666666667,0.05402183333333333,0.00023333333333333333,0.06063333333333334,30
paper10_nodedup,5000,alert_rate,unfreeze,1.3333333333333333e-05,0.0,4e-05,0.0,3.3333333333333335e-05,30
paper10_nodedup,10000,macro_f1,aqt,0.5086818909965449,0.49696205971781887,0.5310478667159636,0.4964974899289227,0.5494979974018666,30
paper10_nodedup,10000,macro_f1,base,0.49768822406667707,0.497271802233226,0.49888097245264773,0.49725157591317054,0.4988663739481556,30
paper10_nodedup,10000,macro_f1,oracle_reset,0.5272098405582456,0.5034063675987279,0.5536889551802813,0.4963476779156219,0.5631806263257138,30
paper10_nodedup,10000,macro_f1,pseudo_reset,0.5147400283979293,0.5057542516594193,0.5284744582256751,0.5039721678023551,0.5387933901907479,30
paper10_nodedup,10000,macro_f1,unfreeze,0.4975159966142238,0.49744102796448575,0.4975883427423968,0.4974747657740144,0.4976177858607878,30
paper10_nodedup,10000,attack_f1,aqt,0.02500486764086028,0.0015315272126992594,0.06987016590869968,0.0,0.10756931188044454,30
paper10_nodedup,10000,attack_f1,base,0.0006172839506172839,0.0,0.0030864197530864196,0.0,0.0030864197530864196,30
paper10_nodedup,10000,attack_f1,oracle_reset,0.062419428251030515,0.015486359286790144,0.11483981092730394,0.00186219739292365,0.1341813596224443,30
paper10_nodedup,10000,attack_f1,pseudo_reset,0.053058785962208206,0.03609438923399078,0.07647524351879792,0.029329997337347372,0.09301650683620655,30
paper10_nodedup,10000,attack_f1,unfreeze,0.0,0.0,0.0,0.0,0.0,30
paper10_nodedup,10000,recall,aqt,0.02322406110078813,0.0013330065359477125,0.06618919239015042,0.0,0.10360562081565484,30
paper10_nodedup,10000,recall,base,0.0003333333333333333,0.0,0.0016666666666666668,0.0,0.0016666666666666668,30
paper10_nodedup,10000,recall,oracle_reset,0.053449390976419556,0.01378224873232656,0.10012557855678107,0.0016666666666666668,0.1217822515992234,30
paper10_nodedup,10000,recall,pseudo_reset,0.12197835581549617,0.09456295124032396,0.147212720779692,0.07626477273752659,0.14628258197856636,30
paper10_nodedup,10000,recall,unfreeze,0.0,0.0,0.0,0.0,0.0,30
paper10_nodedup,10000,precision,aqt,0.0333390274891809,0.002023039066826245,0.08098973753857695,0.0,0.11189582392220233,30
paper10_nodedup,10000,precision,base,0.004166666666666667,0.0,0.020833333333333332,0.0,0.020833333333333332,30
paper10_nodedup,10000,precision,oracle_reset,0.07697577611099318,0.017994282094040453,0.1372881149378071,0.002109704641350211,0.14961947747913,30
paper10_nodedup,10000,precision,pseudo_reset,0.03771171682987288,0.022192406126973974,0.06546897604251758,0.01819209747625976,0.08282387373670809,30
paper10_nodedup,10000,precision,unfreeze,0.0,0.0,0.0,0.0,0.0,30
paper10_nodedup,10000,alert_rate,aqt,0.005736666666666666,0.0027698333333333338,0.008723583333333333,0.0011666666666666668,0.009183333333333333,30
paper10_nodedup,10000,alert_rate,base,0.0005533333333333333,0.00022983333333333338,0.0009000833333333331,8.333333333333333e-05,0.0009666666666666666,30
paper10_nodedup,10000,alert_rate,oracle_reset,0.007036666666666668,0.006156583333333333,0.007950083333333333,0.005316666666666667,0.00815,30
paper10_nodedup,10000,alert_rate,pseudo_reset,0.03846333333333333,0.027546499999999998,0.04725058333333334,0.02311666666666667,0.04905,30
paper10_nodedup,10000,alert_rate,unfreeze,6.666666666666667e-06,0.0,2e-05,0.0,1.6666666666666667e-05,30
paper10_nodedup,20000,macro_f1,aqt,0.5067940103819982,0.49661654055574034,0.5259030302477634,0.49641772316607247,0.5437100453270173,30
paper10_nodedup,20000,macro_f1,base,0.4976577211773516,0.4972861439210535,0.4984546156586718,0.4972474269241749,0.4988862214264018,30
paper10_nodedup,20000,macro_f1,oracle_reset,0.5282578021708759,0.5045326600680847,0.5522329238385401,0.4962839634513596,0.5572778972933528,30
paper10_nodedup,20000,macro_f1,pseudo_reset,0.5157808194414001,0.5091008671446637,0.526956901831352,0.5075262309101788,0.5349003792920087,30
paper10_nodedup,20000,macro_f1,unfreeze,0.4974865954351942,0.49748491193372324,0.49748743718592964,0.49748533280909096,0.49748743718592964,30
paper10_nodedup,20000,attack_f1,aqt,0.02138615573060507,0.001082081256624396,0.05997690267215242,0.0,0.09634063054508625,30
paper10_nodedup,20000,attack_f1,base,0.00062015503875969,0.0,0.0021705426356589145,0.0,0.0031007751937984496,30
paper10_nodedup,20000,attack_f1,oracle_reset,0.06526091891291953,0.018440633482764222,0.11281187192052065,0.0018195809750769538,0.12296058937944536,30
paper10_nodedup,20000,attack_f1,pseudo_reset,0.046336684600295164,0.033454544374779724,0.06609882851453781,0.029901336780775802,0.08108389581037513,30
paper10_nodedup,20000,attack_f1,unfreeze,0.0,0.0,0.0,0.0,0.0,30
paper10_nodedup,20000,recall,aqt,0.02033333333333333,0.0008333333333333334,0.05850000000000001,0.0,0.09416666666666668,30
paper10_nodedup,20000,recall,base,0.0003333333333333333,0.0,0.0011666666666666668,0.0,0.0016666666666666668,30
paper10_nodedup,20000,recall,oracle_reset,0.05999999999999999,0.017158333333333334,0.10435833333333332,0.0016666666666666668,0.11666666666666665,30
paper10_nodedup,20000,recall,pseudo_reset,0.067,0.05216250000000001,0.08267083333333333,0.045000000000000005,0.09249999999999999,30
paper10_nodedup,20000,recall,unfreeze,0.0,0.0,0.0,0.0,0.0,30
paper10_nodedup,20000,precision,aqt,0.02800964011763871,0.0013551738677398581,0.06907541183635237,0.0,0.0986361739299262,30
paper10_nodedup,20000,precision,base,0.0044444444444444444,0.0,0.015555555555555555,0.0,0.022222222222222223,30
paper10_nodedup,20000,precision,oracle_reset,0.07178729525003577,0.019955341188264204,0.1215927249797284,0.002005057803468208,0.13002787068593233,30
paper10_nodedup,20000,precision,pseudo_reset,0.03702773394281454,0.024713704116979776,0.060344404575642496,0.02239025028902215,0.07536186613142228,30
paper10_nodedup,20000,precision,unfreeze,0.0,0.0,0.0,0.0,0.0,30
paper10_nodedup,20000,alert_rate,aqt,0.005873333333333334,0.0028111250000000003,0.008876791666666667,0.0011083333333333333,0.00955,30
paper10_nodedup,20000,alert_rate,base,0.0005600000000000001,0.00024654166666666666,0.0008850416666666668,7.500000000000001e-05,0.00095,30
paper10_nodedup,20000,alert_rate,oracle_reset,0.008528333333333332,0.008104958333333332,0.008975125000000002,0.007699999999999999,0.009125,30
paper10_nodedup,20000,alert_rate,pseudo_reset,0.020429999999999997,0.016201666666666666,0.023849124999999995,0.014133333333333333,0.024650000000000002,30
paper10_nodedup,20000,alert_rate,unfreeze,3.3333333333333333e-06,0.0,1e-05,0.0,8.333333333333334e-06,30
