comparison,n,mean_diff,cohens_d,t_stat,p_raw,p_holm,survives_holm_0.05,p_bonferroni,survives_bonferroni_0.05
3_tl_aqt vs 1_base_tl,5000,0.016355828512073,1.277023411057202,6.994545286982217,1.0856123684020285e-07,9.770511315618255e-07,True,1.6284185526030429e-06,True
3_tl_aqt vs 1_base_tl,10000,0.0182851810100087,1.8413822557066375,10.085665984402713,5.436670581968076e-11,6.524004698361691e-10,True,8.155005872952114e-10,True
3_tl_aqt vs 1_base_tl,20000,0.018648562856774,2.413619827794472,13.219940249247664,8.324810104231506e-14,1.165473414592411e-12,True,1.248721515634726e-12,True
5a_full_atl_oracle vs 1_base_tl,5000,-0.0022541171002681,-0.4679817711168416,-2.5632417254191373,0.015820733690933,0.0214104126391347,True,0.23731100536399496,False
5a_full_atl_oracle vs 1_base_tl,10000,-0.0019171571261266,-0.4980753819025147,-2.7280712200600767,0.0107052063195673,0.0214104126391347,True,0.16057809479350948,False
5a_full_atl_oracle vs 1_base_tl,20000,-0.0019566080769767,-0.8584573394254655,-4.701964494591964,5.80430244199182e-05,0.0002902151220995,True,0.0008706453662987731,True
5b_full_atl_pseudo vs 1_base_tl,5000,0.0110968624021019,0.9116652614515264,4.99339628590846,2.583625090516375e-05,0.0001808537563361,True,0.00038754376357745627,True
5b_full_atl_pseudo vs 1_base_tl,10000,0.0137802295337177,1.4330279784117106,7.8490174931212,1.1757297756431814e-08,1.1757297756431815e-07,True,1.763594663464772e-07,True
5b_full_atl_pseudo vs 1_base_tl,20000,0.0152226877440931,2.2617878624823007,12.388322325729485,4.1633918909088653e-13,5.4124094581815235e-12,True,6.245087836363298e-12,True
5b_full_atl_pseudo vs 5a_full_atl_oracle,5000,0.01335097950237,1.222750165445988,6.697278478079416,2.3989274279473137e-07,1.919141942357851e-06,True,3.5983911419209705e-06,True
5b_full_atl_pseudo vs 5a_full_atl_oracle,10000,0.0156973866598444,1.7461789171147692,9.564215823437028,1.7958127001873232e-10,1.9753939702060555e-09,True,2.6937190502809848e-09,True
5b_full_atl_pseudo vs 5a_full_atl_oracle,20000,0.0171792958210699,2.816012937183296,15.423938079216692,1.6332388527211365e-15,2.4498582790817053e-14,True,2.449858279081705e-14,True
5b_full_atl_pseudo vs 3_tl_aqt,5000,-0.0052589661099711,-0.5803149563369344,-3.178515920433645,0.0035054243564311,0.0105162730692934,True,0.0525813653464665,False
5b_full_atl_pseudo vs 3_tl_aqt,10000,-0.0045049514762909,-0.7450317997824051,-4.080707227994958,0.0003211941228546,0.0012847764914186,True,0.004817911842819,True
5b_full_atl_pseudo vs 3_tl_aqt,20000,-0.0034258751126808,-0.9021362571203696,-4.941203779681071,2.98697763576716e-05,0.0001808537563361,True,0.000448046645365074,True
