pool,prevalence,rule,attack_f1,f1_lo,f1_hi,recall,precision,alert_rate,macro_f1
paper10_prob,0.005,aqt,0.016268649947979795,0.009165346305410549,0.02282321981191502,0.024000000000000004,0.01231052059922061,0.009666666666666664,0.5045010052898812
paper10_prob,0.005,aqt_cap,0.01696352429389744,0.009516675869939985,0.023782449442100544,0.025333333333333333,0.012756939875898982,0.00984,0.5048078233884931
paper10_prob,0.005,aqt_w2000,0.014103125179080874,0.008978459990120109,0.02001713598881004,0.020000000000000004,0.010895784362438569,0.009081666666666667,0.5035565293050702
paper10_prob,0.005,budget_1pct,0.01640768298516642,0.010033801627232686,0.023167810352994058,0.024333333333333335,0.012395554712874117,0.00986,0.5045222449669503
paper10_prob,0.005,frozen_static,0.0030698735859517423,0.0,0.00791066717291198,0.0016666666666666668,0.07375565610859729,0.00024333333333333333,0.5002248246592013
paper10_prob,0.005,oracle_topk,0.01675835488186718,0.00738429352147945,0.0271550034161182,0.016666666666666666,0.016853660124336815,0.004930000000000001,0.5059261636597501
paper10_prob,0.005,src_q99,0.01658346438184501,0.0065267570626758595,0.027860661215264624,0.01566666666666667,0.017867133266013933,0.0041666666666666675,0.5060287872521662
paper10_prob,0.01,aqt,0.025353568281664404,0.013425214845576263,0.037774620879565374,0.02516666666666667,0.02555327170186047,0.009746666666666664,0.5078179734975559
paper10_prob,0.01,aqt_cap,0.025947681363536403,0.013655792637932106,0.03842259389664814,0.026,0.025906799672052856,0.009906666666666668,0.5080784444969304
paper10_prob,0.01,aqt_w2000,0.024228342135938573,0.012736883403067384,0.036405372942987645,0.02316666666666667,0.025402200868898647,0.009065,0.5074189932139802
paper10_prob,0.01,budget_1pct,0.025430760248237774,0.014300713912025365,0.036929579699041454,0.025333333333333336,0.02558996147090737,0.009946666666666666,0.5078063667818369
paper10_prob,0.01,frozen_static,0.0019311753552903252,0.00030721966205837174,0.004403219029335253,0.001,0.10751633986928105,0.00024333333333333333,0.4983965860589226
paper10_prob,0.01,oracle_topk,0.024400597917683918,0.013831447900888921,0.03500972767448995,0.024333333333333335,0.024469092943794048,0.00993666666666667,0.507288839227246
paper10_prob,0.01,src_q99,0.023376745525071033,0.0069116636132747974,0.040229144028982956,0.017166666666666667,0.03728202808357628,0.004243333333333333,0.508188377045146
paper10_prob,0.02,aqt,0.03267015729080999,0.022031863781476455,0.04386414113180536,0.024250000000000004,0.05009149445010227,0.009673333333333334,0.5090511609249072
paper10_prob,0.02,aqt_cap,0.03464254135312433,0.02216116487177704,0.04772513130979873,0.025916666666666668,0.05228098526135024,0.009866666666666668,0.510004495466242
paper10_prob,0.02,aqt_w2000,0.034300485163422316,0.022594860894350702,0.04700766734414766,0.024833333333333336,0.055468069478105654,0.008938333333333333,0.5100614170495696
paper10_prob,0.02,budget_1pct,0.03507145946258331,0.021725470648353135,0.04934142448500963,0.026000000000000002,0.054056145024703635,0.009701666666666666,0.5102622309905308
paper10_prob,0.02,frozen_static,0.0027906877761597016,0.0013197649576843044,0.0044335079514238995,0.0014166666666666668,0.24304377539671657,0.00026,0.4962928112891066
paper10_prob,0.02,oracle_topk,0.0437957420026727,0.03230682011420894,0.05503240048475408,0.043750000000000004,0.0438417193631311,0.019965000000000004,0.5121493187727879
paper10_prob,0.02,src_q99,0.02992865887155396,0.011147154896197794,0.048621188367995935,0.018666666666666668,0.07754513561607192,0.0043866666666666655,0.5089813147730213
paper10_prob,0.05,aqt,0.04355960371953986,0.028643904490371602,0.06007877478367438,0.02600000000000001,0.1342870508528395,0.009663333333333333,0.5070753063145668
paper10_prob,0.05,aqt_cap,0.04475436231958197,0.028899432831660313,0.062040029880623127,0.026866666666666674,0.13406311804805057,0.009931666666666667,0.5076238532159693
paper10_prob,0.05,aqt_w2000,0.0403050863687866,0.02556987880284314,0.0554079873933347,0.02373333333333334,0.1336966996097931,0.008905,0.5055907264780072
paper10_prob,0.05,budget_1pct,0.043331350011864125,0.027843820609148286,0.05955129253604978,0.02590000000000001,0.13299898150772732,0.009753333333333333,0.506934686850475
paper10_prob,0.05,frozen_static,0.00258207421490536,0.0016904843558461263,0.0035689033696223015,0.0013000000000000002,0.4590476190476191,0.0002883333333333333,0.48842801362203836
paper10_prob,0.05,oracle_topk,0.06788126799484479,0.05470088247326866,0.08022359409220882,0.06783333333333334,0.06792940649983553,0.049935,0.5094278696322239
paper10_prob,0.05,src_q99,0.03427382283493854,0.014491713854052733,0.05411661798369893,0.019066666666666673,0.17762260770230853,0.004846666666666667,0.5035287195273362
paper10_prob,0.2,aqt,0.03770176102488887,0.02757457866349847,0.049317464950805745,0.019758333333333333,0.4107969438069696,0.00965,0.46250803828045634
paper10_prob,0.2,aqt_cap,0.0441019635881332,0.02803339557970988,0.0605054939579921,0.02328333333333333,0.4202957466077516,0.010735,0.46576529577591
paper10_prob,0.2,aqt_w2000,0.03652352214651368,0.02563416337001009,0.04851435303200437,0.019083333333333338,0.4245714370208986,0.009021666666666667,0.46203872294521064
paper10_prob,0.2,budget_1pct,0.04084112684299534,0.02813499222203965,0.05347180405684208,0.021433333333333335,0.4349128008403262,0.009951666666666668,0.46417099749418717
paper10_prob,0.2,frozen_static,0.0027596845093630206,0.002243074329541696,0.0033246689717518455,0.0013833333333333336,0.6998351648351647,0.00047333333333333336,0.44583189357248965
paper10_prob,0.2,oracle_topk,0.21489382575714425,0.18965699641671258,0.2384484738634788,0.21485833333333332,0.21492935098376767,0.19993333333333338,0.5093291346215186
paper10_prob,0.2,src_q99,0.034523998734531554,0.014029746493797136,0.055404775932865115,0.018041666666666668,0.45695701165530184,0.0068916666666666675,0.4615844337742857
raw77_logit,0.005,aqt,0.525655704429795,0.455433282733588,0.6035446821459004,0.7713333333333332,0.3988127293413541,0.009663333333333333,0.7610775235000484
raw77_logit,0.005,aqt_cap,0.5255817945997876,0.455433282733588,0.6035446821459004,0.7713333333333332,0.39872551948184826,0.009665000000000002,0.761040147808169
raw77_logit,0.005,aqt_w2000,0.5745441540064634,0.5226808759057163,0.6290012477647386,0.805,0.4468384269215982,0.009015,0.7857702945288518
raw77_logit,0.005,budget_1pct,0.6294044400068146,0.5976876883004272,0.6619589907731165,0.9313333333333333,0.4760725459738555,0.009810000000000001,0.813317763840098
raw77_logit,0.005,frozen_static,0.0,0.0,0.0,0.0,0.0,8.333333333333334e-06,0.49874477330525757
raw77_logit,0.005,oracle_topk,0.4523567839195979,0.1760914572864322,0.7328749999999998,0.4523333333333333,0.4523804713804713,0.004998333333333335,0.7248027656182472
raw77_logit,0.005,src_q99,0.0,0.0,0.0,0.0,0.0,2.6666666666666667e-05,0.4987401666226635
raw77_logit,0.01,aqt,0.6097591962580157,0.49628419643768623,0.7274717767172976,0.6031666666666667,0.6169742280477926,0.009760000000000001,0.8029362607617667
raw77_logit,0.01,aqt_cap,0.6096950636723332,0.49628419643768623,0.7273130485677336,0.6031666666666667,0.6168443335016541,0.009761666666666668,0.8029037726264652
raw77_logit,0.01,aqt_w2000,0.6196394731206206,0.4771506349247961,0.7694830946210841,0.5913333333333333,0.6510946087996624,0.009073333333333333,0.8079906420960318
raw77_logit,0.01,budget_1pct,0.6471598922735381,0.4823109365646531,0.8128397893339727,0.643,0.6538756778186396,0.009825,0.8218213168286687
raw77_logit,0.01,frozen_static,0.0,0.0,0.0,0.0,0.0,8.333333333333334e-06,0.4974853327879404
raw77_logit,0.01,oracle_topk,0.6699999999999999,0.4967291666666667,0.8488749999999998,0.67,0.67,0.010000000000000002,0.8333333333333333
raw77_logit,0.01,src_q99,0.0,0.0,0.0,0.0,0.0,2.6666666666666667e-05,0.497480702926231
raw77_logit,0.02,aqt,0.4821579346682748,0.39266938998390394,0.5750557617434934,0.3595833333333333,0.7320401023525309,0.009825,0.7371601137433117
raw77_logit,0.02,aqt_cap,0.4821579346682748,0.39266938998390394,0.5750557617434934,0.3595833333333333,0.7320401023525309,0.009825,0.7371601137433117
raw77_logit,0.02,aqt_w2000,0.43280805599886224,0.32954017274341696,0.5403440436401831,0.3148333333333334,0.6924841266487749,0.00907,0.7122241459142794
raw77_logit,0.02,budget_1pct,0.44557348350216797,0.3311522663721195,0.5662342163529696,0.33208333333333334,0.6785633735998801,0.009755000000000003,0.7186067070928488
raw77_logit,0.02,frozen_static,0.0,0.0,0.0,0.0,0.0,8.333333333333334e-06,0.49494736924090454
raw77_logit,0.02,oracle_topk,0.8371152482269505,0.7516324024822696,0.9256772606382978,0.8370833333333335,0.8371472431077696,0.019998333333333337,0.9168956363457398
raw77_logit,0.02,src_q99,0.0,0.0,0.0,0.0,0.0,2.6666666666666667e-05,0.494942692493038
raw77_logit,0.05,aqt,0.2863530367229314,0.2679430996624978,0.30479418801801017,0.17126666666666665,0.8735541448948038,0.009800000000000001,0.6321793849380483
raw77_logit,0.05,aqt_cap,0.2863530367229314,0.2679430996624978,0.30479418801801017,0.17126666666666665,0.8735541448948038,0.009800000000000001,0.6321793849380483
raw77_logit,0.05,aqt_w2000,0.26822740269494816,0.2559580477871843,0.280913117498313,0.1580333333333333,0.8866673083323791,0.008913333333333332,0.6230090996432059
raw77_logit,0.05,budget_1pct,0.29182888761064585,0.27984469299942316,0.3039870288432871,0.17399999999999996,0.9080779709337352,0.009603333333333332,0.6350395172330311
raw77_logit,0.05,frozen_static,0.0,0.0,0.0,0.0,0.0,8.333333333333334e-06,0.48717729556016026
raw77_logit,0.05,oracle_topk,0.9367831582457896,0.9035283333333334,0.971457316158079,0.9367666666666667,0.9367996663329997,0.04999833333333335,0.9667279828740427
raw77_logit,0.05,src_q99,0.0,0.0,0.0,0.0,0.0,2.6666666666666667e-05,0.48717247379981654
raw77_logit,0.2,aqt,0.09065119375128448,0.08921142189464283,0.09229458310298291,0.04754166666666667,0.9737612031659515,0.009765000000000001,0.49205095106340985
raw77_logit,0.2,aqt_cap,0.09065119375128448,0.08921142189464283,0.09229458310298291,0.04754166666666667,0.9737612031659515,0.009765000000000001,0.49205095106340985
raw77_logit,0.2,aqt_w2000,0.08457742689089932,0.08386805833405525,0.08545483348881351,0.04420833333333333,0.9744196284271367,0.009075000000000001,0.4888549691620908
raw77_logit,0.2,budget_1pct,0.09219852888248502,0.09011516698116584,0.09484284305855013,0.0484,0.9737017576482571,0.009941666666666666,0.4928659511329177
raw77_logit,0.2,frozen_static,0.0,0.0,0.0,0.0,0.0,6.666666666666667e-06,0.44444238677411824
raw77_logit,0.2,oracle_topk,0.9848413645455683,0.9799523264366379,0.9897730510324207,0.9848250000000001,0.9848577331832958,0.1999933333333334,0.9905259000459264
raw77_logit,0.2,src_q99,0.0,0.0,0.0,0.0,0.0,2.3333333333333332e-05,0.4444372423124873
